query_id,corpus_id
q1a731ee6,d1a731ff4
q1a731ee6,d1a731540
q1a731ee6,d1a73e024
q1a731ee6,d1a73fa6e
q1a731ee6,d1a735816
q1a731ee6,d1a737d96
q1a731ee6,d1a737b0c
q1a731ee6,d1a733a98
q1a731ee6,d1a734aec
q1a729624,d1a7296ba
q1a729624,d1b310168
q1a729624,d1b391948
q1a729624,d1b3c0586
q1a729624,d1b32fd60
q1a729624,d1b2f066a
q1a729624,d1b35b33e
q1a729624,d1b307b12
q1a729624,d1b31cf44
q1a729624,d1b33989c
q1a732468,d1a7324d6
q1a732468,d1a7384c6
q1a732468,d1a734402
q1a732468,d1a73f2c6
q1a732468,d1a736f40
q1a732468,d1a738034
q1a732468,d1a73b248
q1a732468,d1a735816
q1a732468,d1a73c530
q1a73f24e,d1a73f2c6
q1a73f24e,d1a730c3a
q1a73f24e,d1a734402
q1a73f24e,d1a738764
q1a73f24e,d1a73bfc2
q1a73f24e,d1a738034
q1a73f24e,d1a732ce2
q1a73f24e,d1a736f40
q1a73f24e,d1a735816
q1a73f24e,d1a73b248
q1a714760,d1a71479c
q1a714760,d1a7161fa
q1a714760,d1a71f084
q1a714760,d1a717032
q1a714760,d1a716c9a
q1a714760,d1a71f2f0
q1a714760,d1a712532
q1a714760,d1a717e60
q1a714760,d1a719738
q1a72d620,d1a72d756
q1a72d620,d1a721654
q1a72d620,d1a721fa0
q1a72d620,d1a727b8a
q1a72d620,d1a723a30
q1a72d620,d1a72e1ec
q1a72d620,d1a72bce4
q1a72d620,d1a72f8c6
q1a72d620,d1a722c66
q1a72d620,d1a726af0
q1a7212bc,d1a72135c
q1a7212bc,d1a7227c0
q1a7212bc,d1a7253e4
q1a7212bc,d1a72f362
q1a7212bc,d1a72cf18
q1a7212bc,d1a72991c
q1a7212bc,d1a72e818
q1a7212bc,d1a72bce4
q1a7212bc,d1a72fbe6
q1a7212bc,d1a722202
q1a73ceea,d1a737b0c
q1a73ceea,d1a73cf94
q1a73ceea,d1a7384c6
q1a73ceea,d1a7322b0
q1a73ceea,d1a73e024
q1a73ceea,d1a736f40
q1a73ceea,d1a735816
q1a73ceea,d1a73e9d4
q1a736734,d1a7367c0
q1a736734,d1a73cf94
q1a736734,d1a7322b0
q1a736734,d1a736f40
q1a736734,d1a73dc6e
q1a736734,d1a735816
q1a736734,d1a731c70
q1a736734,d1a73c530
q1a736734,d1a7310a4
q1a736734,d1a73e024
q1a71ef26,d1a7169c0
q1a71ef26,d1a71f084
q1a71ef26,d1a71b628
q1a71ef26,d1a715e30
q1a71ef26,d1a712532
q1a71ef26,d1a711c7c
q1a71ef26,d1a719184
q1a71ef26,d1a71fa20
q1a71ef26,d1a71479c
q1a72004c,d1a7200d8
q1a72004c,d1a7237ce
q1a72004c,d1a72135c
q1a72004c,d1a7265a0
q1a72004c,d1a72a5d8
q1a72004c,d1a72d184
q1a72004c,d1a722c66
q1a72004c,d1a7218e8
q1a72004c,d1a72aac4
q1a724868,d1a7249da
q1a724868,d1a726870
q1a724868,d1a72ba82
q1a724868,d1a724228
q1a724868,d1a72031c
q1a724868,d1a72ff9c
q1a724868,d1a7270c2
q1a724868,d1a72df58
q1a724868,d1a728170
q1a72559c,d1a7255f6
q1a72559c,d1a72d184
q1a72559c,d1a72bce4
q1a72559c,d1a722c66
q1a72559c,d1a723f4e
q1a72559c,d1a72dc10
q1a72559c,d1a72c798
q1a72559c,d1a72e818
q1a72559c,d1a72fbe6
q1a73e95c,d1a73e024
q1a73e95c,d1a73e9d4
q1a73e95c,d1a735816
q1a73e95c,d1a732ce2
q1a73e95c,d1a731540
q1a73e95c,d1a73ad20
q1a73e95c,d1a733a98
q1a73e95c,d1a734402
q1a73e95c,d1a734aec
q1a73e95c,d1a736f40
q1a73887c,d1a73899e
q1a73887c,d1a73a852
q1a73887c,d1a738034
q1a73887c,d1a731ff4
q1a73887c,d1a731748
q1a73887c,d1a739b32
q1a73887c,d1a73b824
q1a73887c,d1a731306
q1a73a7f8,d1a73a852
q1a73a7f8,d1a732ce2
q1a73a7f8,d1a739434
q1a73a7f8,d1a73715c
q1a73a7f8,d1a731306
q1a73a7f8,d1a736f40
q1a73a7f8,d1a738034
q1a73a7f8,d1a73899e
q1a73a7f8,d1a73bfc2
q1a72db5c,d1a7237ce
q1a72db5c,d1a72dc10
q1a72db5c,d1a72cf18
q1a72db5c,d1a7255f6
q1a72db5c,d1a72e818
q1a72db5c,d1a72ff9c
q1a72db5c,d1a72ed36
q1a72db5c,d1a72fbe6
q1a72db5c,d1a72d184
q1a72db5c,d1a722a18
q1a74019e,d1a740248
q1a74019e,d1a741bd4
q1a74019e,d1a74070c
q1a74019e,d1a7411b6
q1a74019e,d1a7419cc
q1a74019e,d1a741ec2
q1a74019e,d1a740c66
q1a74019e,d1a740464
q1a74019e,d1a7413dc
q1a72617c,d1a7261ea
q1a72617c,d1a72ccde
q1a72617c,d1a725f60
q1a72617c,d1a722a18
q1a72617c,d1a72bce4
q1a72617c,d1a72bf32
q1a72617c,d1a7253e4
q1a72617c,d1a72c798
q1a72617c,d1a72f8c6
q1a72617c,d1a726af0
q1a7200a6,d1a7200d8
q1a7200a6,d1a7237ce
q1a7200a6,d1a722c66
q1a7200a6,d1a729b42
q1a7200a6,d1a72135c
q1a7200a6,d1a7218e8
q1a7200a6,d1a72d184
q1a7200a6,d1a72bce4
q1a7200a6,d1a72aac4
q1a7229dc,d1a722a18
q1a7229dc,d1a722202
q1a7229dc,d1a7244a8
q1a7229dc,d1a72cac2
q1a7229dc,d1a72bce4
q1a7229dc,d1a72bf32
q1a7229dc,d1a72e818
q1a7229dc,d1a727e1e
q1a73aeb0,d1a73afdc
q1a73aeb0,d1a73bfc2
q1a73aeb0,d1a7334da
q1a73aeb0,d1a734e2a
q1a73aeb0,d1a739632
q1a73aeb0,d1a7369d2
q1a73aeb0,d1a738034
q1a73aeb0,d1a7310a4
q1a73aeb0,d1a73f564
q1a71c9ba,d1a71ca46
q1a71c9ba,d1a71ea1c
q1a71c9ba,d1a717032
q1a71c9ba,d1a7161fa
q1a71c9ba,d1a71f2f0
q1a71c9ba,d1a718108
q1a71c9ba,d1a713c66
q1a71c9ba,d1a71bb78
q1a71c9ba,d1a7155e8
q1a72a088,d1a72a0ce
q1a72a088,d1a7289ae
q1a72a088,d1a726870
q1a72a088,d1a723a30
q1a72a088,d1a72ad94
q1a72a088,d1a7233f0
q1a72a088,d1a72e1ec
q1a72a088,d1a721b22
q1a714e54,d1a712ba4
q1a714e54,d1a719972
q1a714e54,d1a7161fa
q1a714e54,d1a7138d8
q1a714e54,d1a719490
q1a714e54,d1a7118d0
q1a714e54,d1a7177a8
q1a714e54,d1a71fa20
q1a714e54,d1a7179c4
q1a714e54,d1a717c44
q1a739574,d1a739632
q1a739574,d1a738034
q1a739574,d1a73bfc2
q1a739574,d1a739e3e
q1a739574,d1a73920e
q1a739574,d1a732ce2
q1a739574,d1a734614
q1a739574,d1a7334da
q1a739574,d1a7337aa
q1a739574,d1a735816
q1a726d02,d1a726d7a
q1a726d02,d1a7283d2
q1a726d02,d1a72e818
q1a726d02,d1a724bd8
q1a726d02,d1a72ff9c
q1a726d02,d1a72c40a
q1a726d02,d1a7210fa
q1a726d02,d1a72a5d8
q1a726d02,d1a7290b6
q1a71dc3e,d1a71dd10
q1a71dc3e,d1a71f2f0
q1a71dc3e,d1a714cd8
q1a71dc3e,d1a7174c4
q1a71dc3e,d1a717032
q1a71dc3e,d1a7179c4
q1a71dc3e,d1a71a4e4
q1a71dc3e,d1a7118d0
q1a71dc3e,d1a713428
q1a71dc3e,d1a71e79c
q1a7190f8,d1a719184
q1a7190f8,d1a716c9a
q1a7190f8,d1a717032
q1a7190f8,d1a712532
q1a7190f8,d1a71be0c
q1a7190f8,d1a71ac1e
q1a7190f8,d1a71b628
q1a7190f8,d1a71f084
q1a713e82,d1a713f36
q1a713e82,d1a719738
q1a713e82,d1a7155e8
q1a713e82,d1a71f084
q1a713e82,d1a71b628
q1a713e82,d1a715322
q1a713e82,d1a71a764
q1a713e82,d1a7161fa
q1a713e82,d1a71b272
q1a713e82,d1a718108
q1a73c224,d1a736f40
q1a73c224,d1a73ec0e
q1a73c224,d1a73c530
q1a73c224,d1a73dc6e
q1a73c224,d1a735816
q1a73c224,d1a73e9d4
q1a73c224,d1a7310a4
q1a73c224,d1a73f564
q1a73c224,d1a738d04
q1a73c224,d1a73e6aa
q1a73215c,d1a7322b0
q1a73215c,d1a73cf94
q1a73215c,d1a73a62c
q1a73215c,d1a73e024
q1a73215c,d1a737b0c
q1a73215c,d1a73d6ec
q1a73215c,d1a731c70
q1a73215c,d1a7376e8
q1a73215c,d1a73ab0e
q1a7246b0,d1a726af0
q1a7246b0,d1a7289ae
q1a7246b0,d1a72aac4
q1a7246b0,d1a723f4e
q1a7246b0,d1a72d184
q1a7246b0,d1a727b8a
q1a7246b0,d1a727e1e
q1a7246b0,d1a729b42
q1a7246b0,d1a72bce4
q1a7246b0,d1a722c66
q1a72b582,d1a72b690
q1a72b582,d1a72e41c
q1a72b582,d1a7250b0
q1a72b582,d1a720a88
q1a72b582,d1a72d3f0
q1a72b582,d1a72083a
q1a72b582,d1a7249da
q1a72b582,d1a72f100
q1a72b582,d1a7231d4
q1a714f3a,d1a714f9e
q1a714f3a,d1a712ec4
q1a714f3a,d1a719490
q1a714f3a,d1a717032
q1a714f3a,d1a71726c
q1a714f3a,d1a7127d0
q1a714f3a,d1a71da5e
q1a714f3a,d1a718d56
q1a714f3a,d1a715a70
q1a71313a,d1a71b272
q1a71313a,d1a7131e4
q1a71313a,d1a713c66
q1a71313a,d1a7161fa
q1a71313a,d1a717032
q1a71313a,d1a71f2f0
q1a71313a,d1a719184
q1a71313a,d1a71f534
q1a714684,d1a71479c
q1a714684,d1a7161fa
q1a714684,d1a7169c0
q1a714684,d1a717032
q1a714684,d1a716c9a
q1a714684,d1a71f084
q1a714684,d1a712532
q1a714684,d1a71f2f0
q1a714684,d1a71b628
q1a715d04,d1a715e30
q1a715d04,d1a716c9a
q1a715d04,d1a7169c0
q1a715d04,d1a712532
q1a715d04,d1a71b628
q1a715d04,d1a71b952
q1a715d04,d1a711c7c
q1a715d04,d1a71f084
q1a715d04,d1a717032
q1a72079a,d1a72083a
q1a72079a,d1a723a30
q1a72079a,d1a725f60
q1a72079a,d1a72bce4
q1a72079a,d1a72cf18
q1a72079a,d1a7253e4
q1a72079a,d1a726af0
q1a72079a,d1a7265a0
q1a72079a,d1a728c1a
q1a73b3a6,d1a73b46e
q1a73b3a6,d1a731c70
q1a73b3a6,d1a73f046
q1a73b3a6,d1a7362fc
q1a73b3a6,d1a73cf94
q1a73b3a6,d1a73ab0e
q1a73b3a6,d1a73a62c
q1a73b3a6,d1a7322b0
q1a73b3a6,d1a732f9e
q1a736e96,d1a736f40
q1a736e96,d1a739632
q1a736e96,d1a73ec0e
q1a736e96,d1a73dc6e
q1a736e96,d1a738034
q1a736e96,d1a735816
q1a736e96,d1a7310a4
q1a736e96,d1a73e9d4
q1a736e96,d1a738d04
q1a736e96,d1a73e6aa
q1a73d372,d1a73d426
q1a73d372,d1a737d96
q1a73d372,d1a7309a6
q1a73d372,d1a73715c
q1a73d372,d1a7340d8
q1a73d372,d1a7326f2
q1a73d372,d1a731ff4
q1a73d372,d1a731a4a
q1a73d372,d1a736054
q1a72e3ae,d1a72e41c
q1a72e3ae,d1a72ccde
q1a72e3ae,d1a720a88
q1a72e3ae,d1a72f100
q1a72e3ae,d1a72083a
q1a72e3ae,d1a72d3f0
q1a72e3ae,d1a7249da
q1a72e3ae,d1a72b690
q1a72a218,d1a72a358
q1a72a218,d1a729b42
q1a72a218,d1a7250b0
q1a72a218,d1a72f100
q1a72a218,d1a727e1e
q1a72a218,d1a720a88
q1a72a218,d1a7231d4
q1a72a218,d1a72c798
q1a72a218,d1a7265a0
q1a717ffa,d1a718108
q1a717ffa,d1a71ea1c
q1a717ffa,d1a714cd8
q1a717ffa,d1a719184
q1a717ffa,d1a7174c4
q1a717ffa,d1a71be0c
q1a717ffa,d1a713c66
q1a717ffa,d1a71d310
q1a717ffa,d1a71f2f0
q1a730956,d1a7309a6
q1a730956,d1a731540
q1a730956,d1a73dc6e
q1a730956,d1a733a98
q1a730956,d1a73f2c6
q1a730956,d1a736f40
q1a730956,d1a734aec
q1a730956,d1a73fa6e
q1a730956,d1a731ff4
q1a74165c,d1a741756
q1a74165c,d1a741ec2
q1a74165c,d1a7413dc
q1a74165c,d1a7411b6
q1a74165c,d1a740248
q1a74165c,d1a740c66
q1a74165c,d1a740a0e
q1a74165c,d1a741bd4
q1a74165c,d1a74070c
q1a72b35c,d1a72b474
q1a72b35c,d1a725f60
q1a72b35c,d1a727e1e
q1a72b35c,d1a72df58
q1a72b35c,d1a720a88
q1a72b35c,d1a728170
q1a72b35c,d1a72fbe6
q1a72b35c,d1a72d99a
q1a72b35c,d1a72ba82
q1a71fdea,d1a71febc
q1a71fdea,d1a71a9bc
q1a71fdea,d1a718d56
q1a71fdea,d1a715322
q1a71fdea,d1a7122a8
q1a71fdea,d1a713f36
q1a71fdea,d1a7161fa
q1a71fdea,d1a715a70
q1a71fdea,d1a7131e4
q1a71965c,d1a719738
q1a71965c,d1a714224
q1a71965c,d1a71a9bc
q1a71965c,d1a7161fa
q1a71965c,d1a715322
q1a71965c,d1a718d56
q1a71965c,d1a7122a8
q1a71965c,d1a713c66
q1a7280b2,d1a728170
q1a7280b2,d1a72250e
q1a7280b2,d1a72df58
q1a7280b2,d1a7270c2
q1a7280b2,d1a72c40a
q1a7280b2,d1a7255f6
q1a7280b2,d1a725f60
q1a7280b2,d1a72ba82
q1a735ec4,d1a734aec
q1a735ec4,d1a736f40
q1a735ec4,d1a735816
q1a735ec4,d1a73dc6e
q1a735ec4,d1a73e024
q1a735ec4,d1a738034
q1a735ec4,d1a73e6aa
q1a735ec4,d1a73f2c6
q1a735ec4,d1a73e9d4
q1a735ec4,d1a734402
q1a712e6a,d1a712ec4
q1a712e6a,d1a717e60
q1a712e6a,d1a7161fa
q1a712e6a,d1a71479c
q1a712e6a,d1a7122a8
q1a712e6a,d1a71da5e
q1a712e6a,d1a718d56
q1a712e6a,d1a71be0c
q1a712e6a,d1a7179c4
q1a7383ea,d1a7384c6
q1a7383ea,d1a7324d6
q1a7383ea,d1a73c530
q1a7383ea,d1a73a08c
q1a7383ea,d1a738034
q1a7383ea,d1a73f2c6
q1a7383ea,d1a735816
q1a7383ea,d1a73bd10
q1a7383ea,d1a737b0c
q1a7383ea,d1a734aec
q1a71d932,d1a71da5e
q1a71d932,d1a717e60
q1a71d932,d1a715854
q1a71d932,d1a712ec4
q1a71d932,d1a7179c4
q1a71d932,d1a71ac1e
q1a71d932,d1a717032
q1a71d932,d1a7118d0
q1a724f7a,d1a7250b0
q1a724f7a,d1a72e41c
q1a724f7a,d1a72f100
q1a724f7a,d1a720a88
q1a724f7a,d1a7255f6
q1a724f7a,d1a72b690
q1a724f7a,d1a7296ba
q1a724f7a,d1a72fbe6
q1a724f7a,d1a728170
q1a73339a,d1a7310a4
q1a73339a,d1a734614
q1a73339a,d1a738d04
q1a73339a,d1a73ca80
q1a73339a,d1a736f40
q1a73339a,d1a73e024
q1a73339a,d1a738034
q1a73339a,d1a73b46e
q1a73339a,d1a73f564
q1a73339a,d1a735816
q1a738f7a,d1a738fb6
q1a738f7a,d1a7310a4
q1a738f7a,d1a738d04
q1a738f7a,d1a73f564
q1a738f7a,d1a73e9d4
q1a738f7a,d1a73afdc
q1a738f7a,d1a736f40
q1a738f7a,d1a73bfc2
q1a738f7a,d1a734e2a
q1a738f7a,d1a7334da
q1a735ac8,d1a735c44
q1a735ac8,d1a731c70
q1a735ac8,d1a7362fc
q1a735ac8,d1a735294
q1a735ac8,d1a73cf94
q1a735ac8,d1a73a62c
q1a735ac8,d1a73ee34
q1a735ac8,d1a73e024
q1a735ac8,d1a735816
q1a735ac8,d1a7384c6
q1a73d67e,d1a731c70
q1a73d67e,d1a73d6ec
q1a73d67e,d1a7362fc
q1a73d67e,d1a73cf94
q1a73d67e,d1a73a62c
q1a73d67e,d1a735816
q1a73d67e,d1a73ffe6
q1a73d67e,d1a73dc6e
q1a73d67e,d1a7322b0
q1a71555c,d1a714a58
q1a71555c,d1a71ea1c
q1a71555c,d1a7155e8
q1a71555c,d1a71f084
q1a71555c,d1a717032
q1a71555c,d1a7161fa
q1a71555c,d1a71ec9c
q1a71555c,d1a717e60
q1a71555c,d1a713c66
q1a71555c,d1a716452
q1a731630,d1a731748
q1a731630,d1a73a852
q1a731630,d1a73899e
q1a731630,d1a738034
q1a731630,d1a734e2a
q1a731630,d1a7334da
q1a731630,d1a73bfc2
q1a731630,d1a739632
q1a731630,d1a739e3e
q1a727da6,d1a727e1e
q1a727da6,d1a727b8a
q1a727da6,d1a72bce4
q1a727da6,d1a72e1ec
q1a727da6,d1a72f8c6
q1a727da6,d1a723a30
q1a727da6,d1a728c1a
q1a727da6,d1a722a18
q1a727da6,d1a726af0
q1a72cdf6,d1a7210fa
q1a72cdf6,d1a728170
q1a72cdf6,d1a72c40a
q1a72cdf6,d1a7296ba
q1a72cdf6,d1a727e1e
q1a72cdf6,d1a7255f6
q1a72cdf6,d1a725d26
q1a72cdf6,d1a721b22
q1a72cdf6,d1a724228
q1a72cdf6,d1a7261ea
q1a726442,d1a7265a0
q1a726442,d1a720dee
q1a726442,d1a72ff9c
q1a726442,d1a72c798
q1a726442,d1a724bd8
q1a726442,d1a721fa0
q1a726442,d1a72c40a
q1a726442,d1a72a5d8
q1a726442,d1a7210fa
q1a71e080,d1a71e1e8
q1a71e080,d1a71b952
q1a71e080,d1a718108
q1a71e080,d1a719184
q1a71e080,d1a717032
q1a71e080,d1a719972
q1a71e080,d1a7161fa
q1a71e080,d1a71f7d2
q1a71e080,d1a713c66
q1a71e080,d1a71f2f0
q1a7171f4,d1a71726c
q1a7171f4,d1a71d310
q1a7171f4,d1a7138d8
q1a7171f4,d1a719972
q1a7171f4,d1a7161fa
q1a7171f4,d1a712ec4
q1a7171f4,d1a714f9e
q1a7171f4,d1a719490
q1a7171f4,d1a7174c4
q1a7171f4,d1a7127d0
q1a72f0a6,d1a72f100
q1a72f0a6,d1a729b42
q1a72f0a6,d1a7237ce
q1a72f0a6,d1a72bce4
q1a72f0a6,d1a727b8a
q1a72f0a6,d1a722c66
q1a72f0a6,d1a72aac4
q1a72f0a6,d1a7249da
q1a72f0a6,d1a72d184
q1a72f0a6,d1a72fbe6
q1a7226bc,d1a72c798
q1a7226bc,d1a7265a0
q1a7226bc,d1a723c42
q1a7226bc,d1a72df58
q1a7226bc,d1a7227c0
q1a7226bc,d1a72d184
q1a7226bc,d1a72dc10
q1a7226bc,d1a72fbe6
q1a7226bc,d1a728170
q1a7226bc,d1a7270c2
q1a71f962,d1a71fa20
q1a71f962,d1a71ea1c
q1a71f962,d1a71f084
q1a71f962,d1a71b628
q1a71f962,d1a714a58
q1a71f962,d1a711c7c
q1a71f962,d1a7161fa
q1a71f962,d1a71df22
q1a71f962,d1a711510
q1a738c3c,d1a738d04
q1a738c3c,d1a7310a4
q1a738c3c,d1a738fb6
q1a738c3c,d1a73f564
q1a738c3c,d1a736f40
q1a738c3c,d1a73e9d4
q1a738c3c,d1a73bfc2
q1a738c3c,d1a7334da
q1a738c3c,d1a73afdc
q1a738c3c,d1a734e2a
q1a73e8a8,d1a73e9d4
q1a73e8a8,d1a73e024
q1a73e8a8,d1a7384c6
q1a73e8a8,d1a735816
q1a73e8a8,d1a731540
q1a73e8a8,d1a734aec
q1a73e8a8,d1a736f40
q1a73e8a8,d1a73dc6e
q1a73e8a8,d1a7310a4
q1a73e8a8,d1a738d04
q1a73f500,d1a73f564
q1a73f500,d1a7310a4
q1a73f500,d1a73afdc
q1a73f500,d1a738d04
q1a73f500,d1a73899e
q1a73f500,d1a7334da
q1a73f500,d1a736f40
q1a73f500,d1a7337aa
q1a73f500,d1a73bfc2
q1a73841c,d1a7384c6
q1a73841c,d1a7324d6
q1a73841c,d1a73dc6e
q1a73841c,d1a7326f2
q1a73841c,d1a735816
q1a73841c,d1a73fa6e
q1a73841c,d1a733a98
q1a73841c,d1a73a08c
q1a73841c,d1a737b0c
q1a723e4a,d1a723f4e
q1a723e4a,d1a720542
q1a723e4a,d1a72c19e
q1a723e4a,d1a721d34
q1a723e4a,d1a72cac2
q1a723e4a,d1a724e76
q1a723e4a,d1a722c66
q1a723e4a,d1a727b8a
q1a723972,d1a727b8a
q1a723972,d1a72f8c6
q1a723972,d1a72e1ec
q1a723972,d1a723a30
q1a723972,d1a726870
q1a723972,d1a72bce4
q1a723972,d1a728c1a
q1a723972,d1a722c66
q1a723972,d1a729e44
q1a723972,d1a726af0
q1a72d0ee,d1a723c42
q1a72d0ee,d1a72d184
q1a72d0ee,d1a7237ce
q1a72d0ee,d1a72fbe6
q1a72d0ee,d1a7255f6
q1a72d0ee,d1a720542
q1a72d0ee,d1a729b42
q1a72d0ee,d1a7296ba
q1a72d0ee,d1a7265a0
q1a72d0ee,d1a72c798
q1a735b7c,d1a735c44
q1a735b7c,d1a7362fc
q1a735b7c,d1a731c70
q1a735b7c,d1a735294
q1a735b7c,d1a73e024
q1a735b7c,d1a7384c6
q1a735b7c,d1a735816
q1a735b7c,d1a73cf94
q1a735b7c,d1a73ba68
q1a735b7c,d1a73ee34
q1a711416,d1a711510
q1a711416,d1a715854
q1a711416,d1a71df22
q1a711416,d1a71456c
q1a711416,d1a718a36
q1a711416,d1a715e30
q1a711416,d1a71fc46
q1a711416,d1a7169c0
q1a711416,d1a71d5a4
q1a71b56a,d1a71cca8
q1a71b56a,d1a71be0c
q1a71b56a,d1a715a70
q1a71b56a,d1a71da5e
q1a71b56a,d1a717e60
q1a71b56a,d1a717032
q1a71b56a,d1a713c66
q1a71b56a,d1a719184
q1a71b56a,d1a7161fa
q1a71986e,d1a719972
q1a71986e,d1a71b952
q1a71986e,d1a71e1e8
q1a71986e,d1a71f7d2
q1a71986e,d1a7161fa
q1a71986e,d1a71cfa0
q1a71986e,d1a7155e8
q1a71986e,d1a71456c
q1a71986e,d1a71a764
q1a71986e,d1a71fa20
q1a71de32,d1a71df22
q1a71de32,d1a711510
q1a71de32,d1a7187f2
q1a71de32,d1a715e30
q1a71de32,d1a7155e8
q1a71de32,d1a71ea1c
q1a71de32,d1a715854
q1a71de32,d1a719972
q1a71de32,d1a7174c4
q1a71de32,d1a712ba4
q1a73eb46,d1a73ec0e
q1a73eb46,d1a7331d8
q1a73eb46,d1a73e024
q1a73eb46,d1a73e9d4
q1a73eb46,d1a732a94
q1a73eb46,d1a735816
q1a73eb46,d1a7322b0
q1a73eb46,d1a736f40
q1a73eb46,d1a73dc6e
q1a73b158,d1a73b248
q1a73b158,d1a7303b6
q1a73b158,d1a730672
q1a73b158,d1a73f2c6
q1a73b158,d1a734402
q1a73b158,d1a732ce2
q1a73b158,d1a737b0c
q1a73b158,d1a731ff4
q1a73b158,d1a73ad20
q1a736766,d1a73e024
q1a736766,d1a737b0c
q1a736766,d1a7310a4
q1a736766,d1a735816
q1a736766,d1a73cf94
q1a736766,d1a736f40
q1a736766,d1a73c530
q1a736766,d1a7322b0
q1a736766,d1a738d04
q1a736766,d1a736cca
q1a72f2ea,d1a72b046
q1a72f2ea,d1a725f60
q1a72f2ea,d1a72f362
q1a72f2ea,d1a72ed36
q1a72f2ea,d1a720dee
q1a72f2ea,d1a72df58
q1a72f2ea,d1a7255f6
q1a72f2ea,d1a72d184
q1a72f2ea,d1a7253e4
q1a72f2ea,d1a72fbe6
q1a71d16c,d1a71d310
q1a71d16c,d1a71e1e8
q1a71d16c,d1a71fa20
q1a71d16c,d1a7138d8
q1a71d16c,d1a719972
q1a71d16c,d1a71aebc
q1a71d16c,d1a71cfa0
q1a71d16c,d1a717c44
q1a71d16c,d1a7127d0
q1a71242e,d1a712532
q1a71242e,d1a7138d8
q1a71242e,d1a715e30
q1a71242e,d1a711c7c
q1a71242e,d1a716c9a
q1a71242e,d1a711510
q1a71242e,d1a71ac1e
q1a71242e,d1a71f084
q1a71242e,d1a71b628
q1a7217d0,d1a7218e8
q1a7217d0,d1a72083a
q1a7217d0,d1a7227c0
q1a7217d0,d1a72d99a
q1a7217d0,d1a727810
q1a7217d0,d1a7253e4
q1a7217d0,d1a72ba82
q1a7217d0,d1a7255f6
q1a7217d0,d1a7296ba
q1a732f1c,d1a732f9e
q1a732f1c,d1a7362fc
q1a732f1c,d1a73ab0e
q1a732f1c,d1a73d6ec
q1a732f1c,d1a731c70
q1a732f1c,d1a7331d8
q1a732f1c,d1a735294
q1a732f1c,d1a73b46e
q1a7217f8,d1a72bce4
q1a7217f8,d1a7218e8
q1a7217f8,d1a7265a0
q1a7217f8,d1a7237ce
q1a7217f8,d1a72f100
q1a7217f8,d1a72ad94
q1a7217f8,d1a72fbe6
q1a7217f8,d1a722c66
q1a7217f8,d1a72bf32
q1a7217f8,d1a72dc10
q1a73fa0a,d1a73fa6e
q1a73fa0a,d1a733a98
q1a73fa0a,d1a73dc6e
q1a73fa0a,d1a731ff4
q1a73fa0a,d1a7309a6
q1a73fa0a,d1a738034
q1a73fa0a,d1a73899e
q1a73fa0a,d1a73e9d4
q1a73fa0a,d1a73e402
q1a71ada4,d1a71aebc
q1a71ada4,d1a71cfa0
q1a71ada4,d1a71e1e8
q1a71ada4,d1a719972
q1a71ada4,d1a718d56
q1a71ada4,d1a71d310
q1a71ada4,d1a7161fa
q1a71ada4,d1a717c44
q1a71ada4,d1a71fa20
q1a730fdc,d1a7310a4
q1a730fdc,d1a73bfc2
q1a730fdc,d1a73cf94
q1a730fdc,d1a738d04
q1a730fdc,d1a73c530
q1a730fdc,d1a7322b0
q1a730fdc,d1a737b0c
q1a730fdc,d1a73e024
q1a730fdc,d1a735816
q1a733458,d1a7334da
q1a733458,d1a73bfc2
q1a733458,d1a73afdc
q1a733458,d1a738fb6
q1a733458,d1a734e2a
q1a733458,d1a735816
q1a733458,d1a732ce2
q1a733458,d1a73f564
q1a7189fa,d1a718a36
q1a7189fa,d1a71456c
q1a7189fa,d1a71da5e
q1a7189fa,d1a712532
q1a7189fa,d1a71479c
q1a7189fa,d1a717e60
q1a7189fa,d1a71f084
q1a7189fa,d1a71b628
q1a7189fa,d1a716c9a
q1a713b58,d1a713c66
q1a713b58,d1a7161fa
q1a713b58,d1a71b272
q1a713b58,d1a71f2f0
q1a713b58,d1a717032
q1a713b58,d1a7174c4
q1a713b58,d1a71f7d2
q1a713b58,d1a71f534
q1a713b58,d1a718108
q1a72be74,d1a72bf32
q1a72be74,d1a722c66
q1a72be74,d1a72bce4
q1a72be74,d1a723a30
q1a72be74,d1a72f8c6
q1a72be74,d1a72d184
q1a72be74,d1a722a18
q1a72be74,d1a727b8a
q1a72be74,d1a722202
q1a72be74,d1a726af0
q1a714c74,d1a714cd8
q1a714c74,d1a71dd10
q1a714c74,d1a71f2f0
q1a714c74,d1a7179c4
q1a714c74,d1a7161fa
q1a714c74,d1a718108
q1a714c74,d1a71da5e
q1a714c74,d1a7122a8
q1a714c74,d1a71e79c
q1a714c74,d1a71ca46
q1a719c24,d1a7161fa
q1a719c24,d1a71a016
q1a719c24,d1a7118d0
q1a719c24,d1a71febc
q1a719c24,d1a71fa20
q1a719c24,d1a7155e8
q1a719c24,d1a715854
q1a719c24,d1a7138d8
q1a719c24,d1a7174c4
q1a719c24,d1a71ea1c
q1a713eaa,d1a713f36
q1a713eaa,d1a71a9bc
q1a713eaa,d1a7122a8
q1a713eaa,d1a715322
q1a713eaa,d1a71fa20
q1a713eaa,d1a715a70
q1a713eaa,d1a7161fa
q1a713eaa,d1a718d56
q1a71683a,d1a7169c0
q1a71683a,d1a71b628
q1a71683a,d1a71f084
q1a71683a,d1a715e30
q1a71683a,d1a716c9a
q1a71683a,d1a711c7c
q1a71683a,d1a713428
q1a71683a,d1a712532
q1a71683a,d1a719184
q1a731eb4,d1a73e024
q1a731eb4,d1a738fb6
q1a731eb4,d1a735816
q1a731eb4,d1a733a98
q1a731eb4,d1a736f40
q1a731eb4,d1a739632
q1a731eb4,d1a731748
q1a731eb4,d1a7337aa
q1a731eb4,d1a739e3e
q1a731eb4,d1a73899e
q1a7198fa,d1a719972
q1a7198fa,d1a71e1e8
q1a7198fa,d1a715854
q1a7198fa,d1a71b952
q1a7198fa,d1a71cfa0
q1a7198fa,d1a7161fa
q1a7198fa,d1a711510
q1a7198fa,d1a71f7d2
q1a7198fa,d1a71f084
q1a7198fa,d1a719d6e
q1a71b13c,d1a7118d0
q1a71b13c,d1a71da5e
q1a71b13c,d1a71f2f0
q1a71b13c,d1a7155e8
q1a71b13c,d1a715a70
q1a71b13c,d1a71ca46
q1a71b13c,d1a711fd8
q1a71b13c,d1a71bb78
q1a71b13c,d1a717032
q1a71b13c,d1a713c66
q1a71fb2e,d1a71fc46
q1a71fb2e,d1a715854
q1a71fb2e,d1a71e79c
q1a71fb2e,d1a71d82e
q1a71fb2e,d1a71f084
q1a71fb2e,d1a7161fa
q1a71fb2e,d1a711510
q1a71fb2e,d1a71c082
q1a718680,d1a717c44
q1a718680,d1a7187f2
q1a718680,d1a714a58
q1a718680,d1a71ea1c
q1a718680,d1a7155e8
q1a718680,d1a71456c
q1a718680,d1a718a36
q1a718680,d1a71cfa0
q1a718680,d1a7138d8
q1a721f5a,d1a721fa0
q1a721f5a,d1a725f60
q1a721f5a,d1a72a812
q1a721f5a,d1a72bce4
q1a721f5a,d1a722c66
q1a721f5a,d1a72d99a
q1a721f5a,d1a7218e8
q1a721f5a,d1a723a30
q1a721f5a,d1a727b8a
q1a715728,d1a715854
q1a715728,d1a71c082
q1a715728,d1a71fc46
q1a715728,d1a713428
q1a715728,d1a711c7c
q1a715728,d1a7174c4
q1a715728,d1a71a764
q1a715728,d1a7179c4
q1a715728,d1a7118d0
q1a721550,d1a721654
q1a721550,d1a72250e
q1a721550,d1a722f4a
q1a721550,d1a72e818
q1a721550,d1a72df58
q1a721550,d1a7227c0
q1a721550,d1a72dc10
q1a721550,d1a72ed36
q1a721550,d1a728170
q1a73edf8,d1a73ee34
q1a73edf8,d1a731ff4
q1a73edf8,d1a73dc6e
q1a73edf8,d1a735816
q1a73edf8,d1a73f2c6
q1a73edf8,d1a73fa6e
q1a73edf8,d1a73e024
q1a73edf8,d1a734aec
q1a73edf8,d1a73e9d4
q1a724386,d1a7250b0
q1a724386,d1a72ba82
q1a724386,d1a726870
q1a724386,d1a72ccde
q1a724386,d1a72fbe6
q1a724386,d1a724228
q1a724386,d1a72ad94
q1a724386,d1a72bf32
q1a724386,d1a7296ba
q1a724386,d1a7261ea
q1a7351f4,d1a73d6ec
q1a7351f4,d1a735294
q1a7351f4,d1a7362fc
q1a7351f4,d1a73cf94
q1a7351f4,d1a731c70
q1a7351f4,d1a7322b0
q1a7351f4,d1a73e024
q1a7351f4,d1a7384c6
q1a7351f4,d1a73a62c
q1a7351f4,d1a735816
q1a73d624,d1a73d6ec
q1a73d624,d1a735294
q1a73d624,d1a7362fc
q1a73d624,d1a73cf94
q1a73d624,d1a735c44
q1a73d624,d1a7331d8
q1a73d624,d1a731c70
q1a73d624,d1a73ab0e
q1a73d624,d1a7376e8
q1a73d624,d1a7322b0
q1a7157be,d1a715854
q1a7157be,d1a718a36
q1a7157be,d1a71f084
q1a7157be,d1a711510
q1a7157be,d1a715e30
q1a7157be,d1a71456c
q1a7157be,d1a71d5a4
q1a7157be,d1a7169c0
q1a7157be,d1a719d6e
q1a71d554,d1a718108
q1a71d554,d1a713428
q1a71d554,d1a711510
q1a71d554,d1a717e60
q1a71d554,d1a7161fa
q1a71d554,d1a71dd10
q1a71d554,d1a7122a8
q1a71d554,d1a71b272
q1a71d554,d1a71fa20
q1a71d554,d1a719738
q1a73690a,d1a7369d2
q1a73690a,d1a731306
q1a73690a,d1a73bd10
q1a73690a,d1a739434
q1a73690a,d1a732ce2
q1a73690a,d1a738764
q1a73690a,d1a73bfc2
q1a73690a,d1a736f40
q1a73690a,d1a73e6aa
q1a73690a,d1a735816
q1a713784,d1a7138d8
q1a713784,d1a71d310
q1a713784,d1a711510
q1a713784,d1a715854
q1a713784,d1a717c44
q1a713784,d1a718a36
q1a713784,d1a71ac1e
q1a713784,d1a71456c
q1a713784,d1a719d6e
q1a728364,d1a7283d2
q1a728364,d1a72e818
q1a728364,d1a726d7a
q1a728364,d1a7290b6
q1a728364,d1a72a5d8
q1a728364,d1a72dc10
q1a728364,d1a72ff9c
q1a728364,d1a724bd8
q1a73e628,d1a73e6aa
q1a73e628,d1a736f40
q1a73e628,d1a73dc6e
q1a73e628,d1a738034
q1a73e628,d1a731540
q1a73e628,d1a735816
q1a73e628,d1a738d04
q1a73e628,d1a73e024
q1a73e628,d1a7310a4
q1a73433a,d1a734402
q1a73433a,d1a731540
q1a73433a,d1a735816
q1a73433a,d1a737b0c
q1a73433a,d1a73e9d4
q1a73433a,d1a73ec0e
q1a73433a,d1a73b248
q1a73433a,d1a73dc6e
q1a73433a,d1a733a98
q1a71cb72,d1a71cca8
q1a71cb72,d1a71da5e
q1a71cb72,d1a717032
q1a71cb72,d1a71479c
q1a71cb72,d1a71be0c
q1a71cb72,d1a71d5a4
q1a71cb72,d1a715a70
q1a71cb72,d1a711fd8
q1a71cb72,d1a719184
q1a73e34e,d1a731540
q1a73e34e,d1a73dc6e
q1a73e34e,d1a73e402
q1a73e34e,d1a735816
q1a73e34e,d1a73f2c6
q1a73e34e,d1a733a98
q1a73e34e,d1a734aec
q1a73e34e,d1a73fa6e
q1a73e34e,d1a738d04
q1a73709e,d1a73715c
q1a73709e,d1a7326f2
q1a73709e,d1a733a98
q1a73709e,d1a73d426
q1a73709e,d1a731ff4
q1a73709e,d1a73fa6e
q1a73709e,d1a7309a6
q1a73709e,d1a737b0c
q1a73709e,d1a73e402
q1a72a02e,d1a72a0ce
q1a72a02e,d1a7289ae
q1a72a02e,d1a7237ce
q1a72a02e,d1a726af0
q1a72a02e,d1a721b22
q1a72a02e,d1a7233f0
q1a72a02e,d1a72e1ec
q1a72a02e,d1a728c1a
q1a7330d4,d1a7331d8
q1a7330d4,d1a732a94
q1a7330d4,d1a7322b0
q1a7330d4,d1a7384c6
q1a7330d4,d1a73e024
q1a7330d4,d1a73cf94
q1a7330d4,d1a73d6ec
q1a7330d4,d1a73ab0e
q1a7330d4,d1a73a62c
q1a73c9ae,d1a73ca80
q1a73c9ae,d1a73ab0e
q1a73c9ae,d1a7362fc
q1a73c9ae,d1a731c70
q1a73c9ae,d1a735c44
q1a73c9ae,d1a73a424
q1a73c9ae,d1a7322b0
q1a73c9ae,d1a73a62c
q1a7206dc,d1a72083a
q1a7206dc,d1a7250b0
q1a7206dc,d1a720a88
q1a7206dc,d1a7249da
q1a7206dc,d1a72e41c
q1a7206dc,d1a72ccde
q1a7206dc,d1a72f100
q1a7206dc,d1a72d3f0
q1a7206dc,d1a725a2e
q1a720484,d1a723f4e
q1a720484,d1a720542
q1a720484,d1a72c19e
q1a720484,d1a721d34
q1a720484,d1a724e76
q1a720484,d1a72cac2
q1a720484,d1a722c66
q1a73ba22,d1a73ba68
q1a73ba22,d1a73ab0e
q1a73ba22,d1a731c70
q1a73ba22,d1a7362fc
q1a73ba22,d1a73b46e
q1a73ba22,d1a73a62c
q1a73ba22,d1a73cf94
q1a73ba22,d1a735816
q1a73ba22,d1a73f046
q1a73ba22,d1a7322b0
q1a730b04,d1a730c3a
q1a730b04,d1a73f79e
q1a730b04,d1a7326f2
q1a730b04,d1a731306
q1a730b04,d1a738764
q1a730b04,d1a73bfc2
q1a730b04,d1a735816
q1a730b04,d1a7384c6
q1a730b04,d1a7331d8
q1a730b04,d1a73bd10
q1a740b6c,d1a740c66
q1a740b6c,d1a740248
q1a740b6c,d1a7413dc
q1a740b6c,d1a740a0e
q1a740b6c,d1a741bd4
q1a740b6c,d1a741ec2
q1a740b6c,d1a740464
q1a740b6c,d1a74070c
q1a740b6c,d1a740f04
q1a740b6c,d1a7411b6
q1a71a6c4,d1a71a764
q1a71a6c4,d1a71c082
q1a71a6c4,d1a715854
q1a71a6c4,d1a7166dc
q1a71a6c4,d1a7161fa
q1a71a6c4,d1a711510
q1a71a6c4,d1a71b952
q1a71a6c4,d1a717032
q1a71a6c4,d1a71f084
q1a71a6c4,d1a718108
q1a741634,d1a741756
q1a741634,d1a7413dc
q1a741634,d1a741ec2
q1a741634,d1a740248
q1a741634,d1a740a0e
q1a741634,d1a7411b6
q1a741634,d1a740c66
q1a741634,d1a741bd4
q1a741634,d1a74070c
q1a72219e,d1a722a18
q1a72219e,d1a722202
q1a72219e,d1a7244a8
q1a72219e,d1a72c798
q1a72219e,d1a72b474
q1a72219e,d1a72cac2
q1a72219e,d1a727e1e
q1a72219e,d1a720dee
q1a72219e,d1a72cf18
q1a73d0de,d1a73d19c
q1a73d0de,d1a73e024
q1a73d0de,d1a731c70
q1a73d0de,d1a7340d8
q1a73d0de,d1a739e3e
q1a73d0de,d1a735816
q1a73d0de,d1a732ce2
q1a73d0de,d1a73e6aa
q1a71e440,d1a71e47c
q1a71e440,d1a71a9bc
q1a71e440,d1a7122a8
q1a71e440,d1a713f36
q1a71e440,d1a71dd10
q1a71e440,d1a717e60
q1a71e440,d1a7161fa
q1a71e440,d1a71b272
q1a71e440,d1a718d56
q1a71e440,d1a71febc
q1a72bca8,d1a72bce4
q1a72bca8,d1a725d26
q1a72bca8,d1a727b8a
q1a72bca8,d1a72f8c6
q1a72bca8,d1a722c66
q1a72bca8,d1a729e44
q1a72bca8,d1a72bf32
q1a72bca8,d1a72e1ec
q1a72bca8,d1a7253e4
q1a72bca8,d1a72fbe6
q1a7239cc,d1a723a30
q1a7239cc,d1a727b8a
q1a7239cc,d1a72bce4
q1a7239cc,d1a72d756
q1a7239cc,d1a722c66
q1a7239cc,d1a726af0
q1a7239cc,d1a72f8c6
q1a7239cc,d1a72e1ec
q1a7239cc,d1a728c1a
q1a728896,d1a7289ae
q1a728896,d1a726af0
q1a728896,d1a723a30
q1a728896,d1a727b8a
q1a728896,d1a725d26
q1a728896,d1a72bce4
q1a728896,d1a729e44
q1a728896,d1a72f8c6
q1a728896,d1a72bf32
q1a717da2,d1a717e60
q1a717da2,d1a71da5e
q1a717da2,d1a71ac1e
q1a717da2,d1a7161fa
q1a717da2,d1a71456c
q1a717da2,d1a712ba4
q1a717da2,d1a717032
q1a717da2,d1a7174c4
q1a717da2,d1a717c44
q1a718c3e,d1a718d56
q1a718c3e,d1a71a9bc
q1a718c3e,d1a715322
q1a718c3e,d1a7122a8
q1a718c3e,d1a713f36
q1a718c3e,d1a71febc
q1a718c3e,d1a7161fa
q1a718c3e,d1a71479c
q1a718c3e,d1a717032
q1a72ad62,d1a72bce4
q1a72ad62,d1a722c66
q1a72ad62,d1a723a30
q1a72ad62,d1a72ad94
q1a72ad62,d1a727b8a
q1a72ad62,d1a72bf32
q1a72ad62,d1a72f8c6
q1a72ad62,d1a72e1ec
q1a72ad62,d1a726af0
q1a71834c,d1a7183ce
q1a71834c,d1a711fd8
q1a71834c,d1a71ea1c
q1a71834c,d1a717032
q1a71834c,d1a7155e8
q1a71834c,d1a7161fa
q1a71834c,d1a71f7d2
q1a71834c,d1a714a58
q1a7230f8,d1a7231d4
q1a7230f8,d1a72740a
q1a7230f8,d1a728e36
q1a7230f8,d1a72bce4
q1a7230f8,d1a722c66
q1a7230f8,d1a72d184
q1a7230f8,d1a72135c
q1a7230f8,d1a7285e4
q1a7230f8,d1a72aac4
q1a7345e2,d1a734614
q1a7345e2,d1a73920e
q1a7345e2,d1a732ce2
q1a7345e2,d1a739434
q1a7345e2,d1a73f046
q1a7345e2,d1a730c3a
q1a7345e2,d1a736f40
q1a7345e2,d1a735816
q1a7345e2,d1a73bfc2
q1a7319a0,d1a733a98
q1a7319a0,d1a737d96
q1a7319a0,d1a73d426
q1a7319a0,d1a73f2c6
q1a7319a0,d1a7326f2
q1a7319a0,d1a73fa6e
q1a7319a0,d1a734aec
q1a7319a0,d1a736054
q1a7319a0,d1a73ffe6
q1a7319a0,d1a731ff4
q1a736ec8,d1a736f40
q1a736ec8,d1a738034
q1a736ec8,d1a73f2c6
q1a736ec8,d1a738d04
q1a736ec8,d1a734614
q1a736ec8,d1a73920e
q1a736ec8,d1a7310a4
q1a736ec8,d1a735816
q1a736ec8,d1a73e6aa
q1a71a3a4,d1a71f534
q1a71a3a4,d1a718108
q1a71a3a4,d1a7161fa
q1a71a3a4,d1a7174c4
q1a71a3a4,d1a71f2f0
q1a71a3a4,d1a714cd8
q1a71a3a4,d1a718d56
q1a71a3a4,d1a71dd10
q1a71a3a4,d1a713c66
q1a732c60,d1a732ce2
q1a732c60,d1a73b824
q1a732c60,d1a73899e
q1a732c60,d1a731306
q1a732c60,d1a739b32
q1a732c60,d1a7337aa
q1a732c60,d1a739e3e
q1a732c60,d1a738034
q1a732c60,d1a736f40
q1a732c60,d1a73a852
q1a7202d6,d1a72d184
q1a7202d6,d1a722c66
q1a7202d6,d1a723a30
q1a7202d6,d1a72bf32
q1a7202d6,d1a7218e8
q1a7202d6,d1a72e1ec
q1a7202d6,d1a72f8c6
q1a7202d6,d1a727b8a
q1a7202d6,d1a72ad94
q1a7202d6,d1a726af0
q1a72833c,d1a72ad94
q1a72833c,d1a72bf32
q1a72833c,d1a729e44
q1a72833c,d1a722202
q1a72833c,d1a722c66
q1a72833c,d1a7253e4
q1a72833c,d1a72bce4
q1a72833c,d1a72fbe6
q1a72833c,d1a72e818
q1a72833c,d1a7218e8
q1a736bf8,d1a736cca
q1a736bf8,d1a7331d8
q1a736bf8,d1a73e024
q1a736bf8,d1a735816
q1a736bf8,d1a738034
q1a736bf8,d1a736f40
q1a736bf8,d1a73f2c6
q1a736bf8,d1a73c530
q1a736bf8,d1a73ffe6
q1a71d4d2,d1a71d5a4
q1a71d4d2,d1a716452
q1a71d4d2,d1a71ac1e
q1a71d4d2,d1a715854
q1a71d4d2,d1a71456c
q1a71d4d2,d1a715e30
q1a71d4d2,d1a71cca8
q1a71d4d2,d1a7138d8
q1a7410c6,d1a7411b6
q1a7410c6,d1a741756
q1a7410c6,d1a740248
q1a7410c6,d1a7413dc
q1a7410c6,d1a741bd4
q1a7410c6,d1a741ec2
q1a7410c6,d1a740a0e
q1a7410c6,d1a74070c
q1a7410c6,d1a740c66
q1a7123e8,d1a712532
q1a7123e8,d1a716c9a
q1a7123e8,d1a7169c0
q1a7123e8,d1a71f084
q1a7123e8,d1a715e30
q1a7123e8,d1a719184
q1a7123e8,d1a71b628
q1a7123e8,d1a711c7c
q1a7123e8,d1a71479c
q1a718c0c,d1a718d56
q1a718c0c,d1a71a9bc
q1a718c0c,d1a715322
q1a718c0c,d1a7122a8
q1a718c0c,d1a713f36
q1a718c0c,d1a7161fa
q1a718c0c,d1a71febc
q1a718c0c,d1a717032
q1a718c0c,d1a71479c
q1a73733c,d1a73744a
q1a73733c,d1a73e6aa
q1a73733c,d1a73c530
q1a73733c,d1a732ce2
q1a73733c,d1a736f40
q1a73733c,d1a734894
q1a73733c,d1a73f2c6
q1a73733c,d1a736cca
q1a728f80,d1a72c40a
q1a728f80,d1a72ba82
q1a728f80,d1a72fbe6
q1a728f80,d1a72df58
q1a728f80,d1a72740a
q1a728f80,d1a72d99a
q1a728f80,d1a7255f6
q1a728f80,d1a7296ba
q1a728f80,d1a72d184
q1a728f80,d1a7261ea
q1a72bbfe,d1a72bce4
q1a72bbfe,d1a725d26
q1a72bbfe,d1a722c66
q1a72bbfe,d1a727b8a
q1a72bbfe,d1a72f8c6
q1a72bbfe,d1a72bf32
q1a72bbfe,d1a729e44
q1a72bbfe,d1a7253e4
q1a72bbfe,d1a726af0
q1a713810,d1a7138d8
q1a713810,d1a715854
q1a713810,d1a71d310
q1a713810,d1a71fc46
q1a713810,d1a718a36
q1a713810,d1a71ac1e
q1a713810,d1a71456c
q1a713810,d1a717c44
q1a713810,d1a71cca8
q1a713810,d1a715e30
q1a7368e2,d1a73bfc2
q1a7368e2,d1a734e2a
q1a7368e2,d1a7334da
q1a7368e2,d1a732ce2
q1a7368e2,d1a735816
q1a7368e2,d1a739632
q1a7368e2,d1a7310a4
q1a7368e2,d1a73afdc
q1a73cec2,d1a73cf94
q1a73cec2,d1a7384c6
q1a73cec2,d1a73a62c
q1a73cec2,d1a7322b0
q1a73cec2,d1a731c70
q1a73cec2,d1a7362fc
q1a73cec2,d1a73d6ec
q1a73cec2,d1a73f046
q1a73cec2,d1a73ab0e
q1a73cec2,d1a735816
q1a7364d2,d1a73652c
q1a7364d2,d1a73f79e
q1a7364d2,d1a731306
q1a7364d2,d1a73f564
q1a7364d2,d1a736f40
q1a7364d2,d1a73b824
q1a7364d2,d1a73afdc
q1a7364d2,d1a73f046
q1a7364d2,d1a73e9d4
q1a73c74c,d1a73c7c4
q1a73c74c,d1a7309a6
q1a73c74c,d1a733a98
q1a73c74c,d1a73e024
q1a73c74c,d1a73d426
q1a73c74c,d1a734aec
q1a73c74c,d1a737b0c
q1a73c74c,d1a73ee34
q1a73c74c,d1a73e9d4
q1a7373e6,d1a73744a
q1a7373e6,d1a735816
q1a7373e6,d1a738764
q1a7373e6,d1a731c70
q1a7373e6,d1a732ce2
q1a7373e6,d1a739434
q1a7373e6,d1a73bfc2
q1a7373e6,d1a7369d2
q1a7373e6,d1a734614
q1a7373e6,d1a7334da
q1a7259a2,d1a725a2e
q1a7259a2,d1a72bce4
q1a7259a2,d1a722c66
q1a7259a2,d1a72083a
q1a7259a2,d1a7200d8
q1a7259a2,d1a720dee
q1a7259a2,d1a7253e4
q1a7259a2,d1a72c798
q1a7259a2,d1a72ccde
q1a7408e2,d1a740a0e
q1a7408e2,d1a741756
q1a7408e2,d1a740c66
q1a7408e2,d1a7413dc
q1a7408e2,d1a740464
q1a7408e2,d1a740248
q1a7408e2,d1a741bd4
q1a7408e2,d1a741ec2
q1a7408e2,d1a74070c
q1a7408e2,d1a740f04
q1a7321c0,d1a7322b0
q1a7321c0,d1a73a62c
q1a7321c0,d1a731c70
q1a7321c0,d1a7362fc
q1a7321c0,d1a73d6ec
q1a7321c0,d1a73b46e
q1a7321c0,d1a73cf94
q1a7321c0,d1a735294
q1a7321c0,d1a73ab0e
q1a7321c0,d1a732f9e
q1a71add6,d1a71aebc
q1a71add6,d1a71ea1c
q1a71add6,d1a711fd8
q1a71add6,d1a71e1e8
q1a71add6,d1a719972
q1a71add6,d1a7161fa
q1a71add6,d1a71cfa0
q1a71add6,d1a71f7d2
q1a71add6,d1a718d56
q1a7209c0,d1a720a88
q1a7209c0,d1a72ccde
q1a7209c0,d1a721654
q1a7209c0,d1a72f100
q1a7209c0,d1a72e41c
q1a7209c0,d1a7249da
q1a7209c0,d1a72083a
q1a7209c0,d1a722a18
q1a7209c0,d1a722202
q1a736450,d1a73652c
q1a736450,d1a7384c6
q1a736450,d1a7331d8
q1a736450,d1a73f046
q1a736450,d1a73b824
q1a736450,d1a73d6ec
q1a736450,d1a73ab0e
q1a736450,d1a73ba68
q1a736450,d1a735078
q1a72d94a,d1a722c66
q1a72d94a,d1a7218e8
q1a72d94a,d1a72bce4
q1a72d94a,d1a72d184
q1a72d94a,d1a723a30
q1a72d94a,d1a72bf32
q1a72d94a,d1a727b8a
q1a72d94a,d1a72f8c6
q1a72d94a,d1a7289ae
q1a72d94a,d1a726af0
q1a7151c4,d1a713f36
q1a7151c4,d1a71f084
q1a7151c4,d1a715322
q1a7151c4,d1a718108
q1a7151c4,d1a71a764
q1a7151c4,d1a7161fa
q1a7151c4,d1a7122a8
q1a7151c4,d1a71a9bc
q1a7151c4,d1a718d56
q1a73249a,d1a7324d6
q1a73249a,d1a735816
q1a73249a,d1a73c530
q1a73249a,d1a736f40
q1a73249a,d1a73a08c
q1a73249a,d1a7384c6
q1a73249a,d1a7326f2
q1a73249a,d1a73fa6e
q1a73249a,d1a734aec
q1a72e660,d1a72e818
q1a72e660,d1a7227c0
q1a72e660,d1a722f4a
q1a72e660,d1a722a18
q1a72e660,d1a72bf32
q1a72e660,d1a7253e4
q1a72e660,d1a72bce4
q1a72e660,d1a72ed36
q1a72e660,d1a722202
q1a72e660,d1a72fbe6
q1a7267a8,d1a726870
q1a7267a8,d1a723a30
q1a7267a8,d1a727b8a
q1a7267a8,d1a72bce4
q1a7267a8,d1a72f8c6
q1a7267a8,d1a72ed36
q1a7267a8,d1a726af0
q1a7267a8,d1a722c66
q1a7267a8,d1a72bf32
q1a725f2e,d1b3187c8
q1a725f2e,d1b37ad42
q1a725f2e,d1b3c8998
q1a725f2e,d1b351cbc
q1a725f2e,d1b38f4d6
q1a725f2e,d1a717e60
q1a725f2e,d1b35b99c
q1a725f2e,d1b2e4da6
q1a725f2e,d1a71cca8
q1a725f2e,d1a71be0c
q1a73f9d8,d1a73fa6e
q1a73f9d8,d1a734aec
q1a73f9d8,d1a731ff4
q1a73f9d8,d1a7309a6
q1a73f9d8,d1a73715c
q1a73f9d8,d1a738034
q1a73f9d8,d1a733a98
q1a73f9d8,d1a739434
q1a73f9d8,d1a73f2c6
q1a737396,d1a731c70
q1a737396,d1a73ec0e
q1a737396,d1a735816
q1a737396,d1a73dc6e
q1a737396,d1a73e024
q1a737396,d1a7384c6
q1a737396,d1a736f40
q1a737396,d1a73a62c
q1a737396,d1a73f046
q1a737396,d1a73e9d4
q1a73515e,d1a735294
q1a73515e,d1a735c44
q1a73515e,d1a73b46e
q1a73515e,d1a732f9e
q1a73515e,d1a73ab0e
q1a73515e,d1a731c70
q1a73515e,d1a7362fc
q1a73515e,d1a73ba68
q1a7224be,d1a7270c2
q1a7224be,d1a72250e
q1a7224be,d1a72df58
q1a7224be,d1a728170
q1a7224be,d1a721fa0
q1a7224be,d1a725f60
q1a7224be,d1a72f362
q1a7224be,d1a72d99a
q1a7224be,d1a72ba82
q1a7198c8,d1a719972
q1a7198c8,d1a71e1e8
q1a7198c8,d1a71b952
q1a7198c8,d1a71cfa0
q1a7198c8,d1a718108
q1a7198c8,d1a711510
q1a7198c8,d1a7161fa
q1a7198c8,d1a71f7d2
q1a7198c8,d1a717032
q1a7198c8,d1a7155e8
q1a72c9b4,d1a72cac2
q1a72c9b4,d1a724e76
q1a72c9b4,d1a72c19e
q1a72c9b4,d1a7237ce
q1a72c9b4,d1a720542
q1a72c9b4,d1a723f4e
q1a72c9b4,d1a721d34
q1a72c9b4,d1a72d184
q1a72c9b4,d1a7253e4
q1a741b20,d1a741bd4
q1a741b20,d1a74070c
q1a741b20,d1a740c66
q1a741b20,d1a740248
q1a741b20,d1a740a0e
q1a741b20,d1a741756
q1a741b20,d1a7413dc
q1a741b20,d1a741ec2
q1a741b20,d1a740f04
q1a741b20,d1a740464
q1a72fb64,d1a72d184
q1a72fb64,d1a7255f6
q1a72fb64,d1a72fbe6
q1a72fb64,d1a72135c
q1a72fb64,d1a7227c0
q1a72fb64,d1a72083a
q1a72fb64,d1a7253e4
q1a72fb64,d1a72bce4
q1a72fb64,d1a7218e8
q1a72fb64,d1a72e818
q1a7232ba,d1a7233f0
q1a7232ba,d1a7285e4
q1a7232ba,d1a7289ae
q1a7232ba,d1a72a5d8
q1a7232ba,d1a728c1a
q1a7232ba,d1a721b22
q1a7232ba,d1a72a812
q1a7232ba,d1a72d99a
q1a738714,d1a738764
q1a738714,d1a7369d2
q1a738714,d1a739434
q1a738714,d1a731306
q1a738714,d1a732ce2
q1a738714,d1a730c3a
q1a738714,d1a73bfc2
q1a738714,d1a738034
q1a738714,d1a735816
q1a73fc26,d1a73fcc6
q1a73fc26,d1a735816
q1a73fc26,d1a7384c6
q1a73fc26,d1a73e024
q1a73fc26,d1a736f40
q1a73fc26,d1a73f2c6
q1a73fc26,d1a73ca80
q1a73fc26,d1a739632
q1a73fc26,d1a734402
q1a71721c,d1a71726c
q1a71721c,d1a71d310
q1a71721c,d1a714f9e
q1a71721c,d1a712ec4
q1a71721c,d1a719490
q1a71721c,d1a716452
q1a71721c,d1a7174c4
q1a71721c,d1a71febc
q1a71721c,d1a71cca8
q1a729408,d1a72949e
q1a729408,d1a72ad94
q1a729408,d1a7218e8
q1a729408,d1a722c66
q1a729408,d1a726d7a
q1a729408,d1a72bce4
q1a729408,d1a724e76
q1a729408,d1a728e36
q1a729408,d1a72bf32
q1a7220e0,d1a722202
q1a7220e0,d1a722a18
q1a7220e0,d1a7244a8
q1a7220e0,d1a726af0
q1a7220e0,d1a72b474
q1a7220e0,d1a72cac2
q1a7220e0,d1a727e1e
q1a7220e0,d1a72bf32
q1a73eba0,d1a73ec0e
q1a73eba0,d1a732a94
q1a73eba0,d1a7384c6
q1a73eba0,d1a7331d8
q1a73eba0,d1a736f40
q1a73eba0,d1a73e024
q1a73eba0,d1a735816
q1a73eba0,d1a73e6aa
q1a7126e0,d1a7127d0
q1a7126e0,d1a71b272
q1a7126e0,d1a7161fa
q1a7126e0,d1a71f7d2
q1a7126e0,d1a71e79c
q1a7126e0,d1a71f2f0
q1a7126e0,d1a7122a8
q1a7126e0,d1a713c66
q1a7126e0,d1a7179c4
q1a72eb60,d1a72ed36
q1a72eb60,d1a7255f6
q1a72eb60,d1a725f60
q1a72eb60,d1a72d184
q1a72eb60,d1a72c798
q1a72eb60,d1a72fbe6
q1a72eb60,d1a7265a0
q1a72eb60,d1a720dee
q1a72eb60,d1a72ff9c
q1a7395ce,d1a739632
q1a7395ce,d1a738034
q1a7395ce,d1a732ce2
q1a7395ce,d1a73920e
q1a7395ce,d1a73bfc2
q1a7395ce,d1a739e3e
q1a7395ce,d1a734614
q1a7395ce,d1a735816
q1a7395ce,d1a7337aa
q1a739af6,d1a739b32
q1a739af6,d1a738034
q1a739af6,d1a731306
q1a739af6,d1a739e3e
q1a739af6,d1a7337aa
q1a739af6,d1a735816
q1a739af6,d1a73899e
q1a739af6,d1a73a852
q1a739af6,d1a73b824
q1a728bb6,d1a728c1a
q1a728bb6,d1a721b22
q1a728bb6,d1a72e1ec
q1a728bb6,d1a726af0
q1a728bb6,d1a72ad94
q1a728bb6,d1a72f8c6
q1a728bb6,d1a726870
q1a728bb6,d1a727e1e
q1a728bb6,d1a721654
q1a71c046,d1a71c082
q1a71c046,d1a71e79c
q1a71c046,d1a714cd8
q1a71c046,d1a7179c4
q1a71c046,d1a7161fa
q1a71c046,d1a71dd10
q1a71c046,d1a71f2f0
q1a71c046,d1a713428
q1a73ed9e,d1a73ee34
q1a73ed9e,d1a7322b0
q1a73ed9e,d1a735816
q1a73ed9e,d1a73cf94
q1a73ed9e,d1a73e024
q1a73ed9e,d1a731c70
q1a73ed9e,d1a731306
q1a73ed9e,d1a73e9d4
q1a73ed9e,d1a73a62c
q1a713df6,d1a713f36
q1a713df6,d1a715322
q1a713df6,d1a71a9bc
q1a713df6,d1a7122a8
q1a713df6,d1a71fa20
q1a713df6,d1a7161fa
q1a713df6,d1a718d56
q1a713df6,d1a718108
q1a713df6,d1a717e60
q1a74040a,d1a740464
q1a74040a,d1a7413dc
q1a74040a,d1a740f04
q1a74040a,d1a740248
q1a74040a,d1a741bd4
q1a74040a,d1a741ec2
q1a74040a,d1a740c66
q1a74040a,d1a74070c
q1a74040a,d1a740a0e
q1a72aefc,d1a72b046
q1a72aefc,d1a720dee
q1a72aefc,d1a725f60
q1a72aefc,d1a7265a0
q1a72aefc,d1a72ff9c
q1a72aefc,d1a72df58
q1a72aefc,d1a7270c2
q1a72aefc,d1a728170
q1a72aefc,d1a72c798
q1a72aefc,d1a72f362
q1a716eb6,d1a717032
q1a716eb6,d1a719184
q1a716eb6,d1a715322
q1a716eb6,d1a7174c4
q1a716eb6,d1a713c66
q1a716eb6,d1a715e30
q1a716eb6,d1a71479c
q1a716eb6,d1a71f2f0
q1a716eb6,d1a711510
q1a716eb6,d1a7118d0
q1a7293d6,d1a72949e
q1a7293d6,d1a7218e8
q1a7293d6,d1a722c66
q1a7293d6,d1a72cac2
q1a7293d6,d1a727b8a
q1a7293d6,d1a72bce4
q1a7293d6,d1a723f4e
q1a7293d6,d1a724e76
q1a7293d6,d1a726af0
q1a725ed4,d1a725f60
q1a725ed4,d1a720dee
q1a725ed4,d1a72ff9c
q1a725ed4,d1a72ed36
q1a725ed4,d1a724bd8
q1a725ed4,d1a72b046
q1a725ed4,d1a726870
q1a725ed4,d1a72e818
q1a725ed4,d1a724e76
q1a729322,d1a72949e
q1a729322,d1a721654
q1a729322,d1a727e1e
q1a729322,d1a726870
q1a729322,d1a72d99a
q1a729322,d1a726af0
q1a729322,d1a72a358
q1a729322,d1a7231d4
q1a729322,d1a72fbe6
q1a729322,d1a721b22
q1a71f67e,d1a71f7d2
q1a71f67e,d1a71e1e8
q1a71f67e,d1a719972
q1a71f67e,d1a71b952
q1a71f67e,d1a71cfa0
q1a71f67e,d1a7161fa
q1a71f67e,d1a711fd8
q1a71f67e,d1a71479c
q1a71f67e,d1a717032
q1a71f67e,d1a7179c4
q1a72c9e6,d1a72cac2
q1a72c9e6,d1a721d34
q1a72c9e6,d1a724e76
q1a72c9e6,d1a72c19e
q1a72c9e6,d1a720542
q1a72c9e6,d1a723f4e
q1a72c9e6,d1a7237ce
q1a72c9e6,d1a72740a
q1a72c9e6,d1a72c40a
q1a724e26,d1a72c19e
q1a724e26,d1a720542
q1a724e26,d1a723f4e
q1a724e26,d1a724e76
q1a724e26,d1a72d99a
q1a724e26,d1a7255f6
q1a724e26,d1a721d34
q1a724e26,d1a72d184
q1a724e26,d1a7253e4
q1a7121fe,d1a7122a8
q1a7121fe,d1a713f36
q1a7121fe,d1a71a9bc
q1a7121fe,d1a715322
q1a7121fe,d1a718d56
q1a7121fe,d1a71febc
q1a7121fe,d1a71aebc
q1a7121fe,d1a7161fa
q1a7121fe,d1a71fa20
q1a740bee,d1a740c66
q1a740bee,d1a740248
q1a740bee,d1a7413dc
q1a740bee,d1a741bd4
q1a740bee,d1a74070c
q1a740bee,d1a740464
q1a740bee,d1a740f04
q1a740bee,d1a741ec2
q1a740bee,d1a740a0e
q1a740bee,d1a7411b6
q1a71f25a,d1a71f2f0
q1a71f25a,d1a71a4e4
q1a71f25a,d1a717032
q1a71f25a,d1a71dd10
q1a71f25a,d1a714cd8
q1a71f25a,d1a7174c4
q1a71f25a,d1a7161fa
q1a71f25a,d1a7127d0
q1a71bf92,d1a71c082
q1a71bf92,d1a714cd8
q1a71bf92,d1a7177a8
q1a71bf92,d1a7179c4
q1a71bf92,d1a71fc46
q1a71bf92,d1a71e79c
q1a71bf92,d1a7161fa
q1a71bf92,d1a7174c4
q1a71bf92,d1a718108
q1a719314,d1a719490
q1a719314,d1a71a9bc
q1a719314,d1a7122a8
q1a719314,d1a713f36
q1a719314,d1a71a016
q1a719314,d1a718d56
q1a719314,d1a71fa20
q1a719314,d1a717e60
q1a723314,d1a7233f0
q1a723314,d1a7290b6
q1a723314,d1a722c66
q1a723314,d1a7285e4
q1a723314,d1a72bf32
q1a723314,d1a72bce4
q1a723314,d1a72dc10
q1a723314,d1a72d184
q1a723314,d1a72d99a
q1a73c1a2,d1a736f40
q1a73c1a2,d1a73ec0e
q1a73c1a2,d1a73dc6e
q1a73c1a2,d1a7310a4
q1a73c1a2,d1a73f564
q1a73c1a2,d1a738034
q1a73c1a2,d1a738d04
q1a73c1a2,d1a735816
q1a73c1a2,d1a73e9d4
q1a73c1a2,d1a73e6aa
q1a714ee0,d1a714f9e
q1a714ee0,d1a717e60
q1a714ee0,d1a71da5e
q1a714ee0,d1a715a70
q1a714ee0,d1a719490
q1a714ee0,d1a717032
q1a714ee0,d1a7161fa
q1a714ee0,d1a7118d0
q1a714ee0,d1a712ec4
q1a73f9b0,d1a73fa6e
q1a73f9b0,d1a734aec
q1a73f9b0,d1a7309a6
q1a73f9b0,d1a731ff4
q1a73f9b0,d1a733a98
q1a73f9b0,d1a73715c
q1a73f9b0,d1a73f2c6
q1a73f9b0,d1a739434
q1a714986,d1a714a58
q1a714986,d1a71ea1c
q1a714986,d1a71ec9c
q1a714986,d1a7161fa
q1a714986,d1a717c44
q1a714986,d1a718108
q1a714986,d1a7155e8
q1a714986,d1a71f084
q1a714986,d1a71dd10
q1a714986,d1a71fa20
q1a714706,d1a71479c
q1a714706,d1a71f084
q1a714706,d1a712532
q1a714706,d1a716c9a
q1a714706,d1a71b628
q1a714706,d1a719184
q1a714706,d1a7161fa
q1a722c2a,d1a7218e8
q1a722c2a,d1a722c66
q1a722c2a,d1a72bce4
q1a722c2a,d1a7200d8
q1a722c2a,d1a727b8a
q1a722c2a,d1a72e1ec
q1a722c2a,d1a72f8c6
q1a722c2a,d1a72ad94
q1a722c2a,d1a72bf32
q1a722c2a,d1a726af0
q1a72ac9a,d1a72ad94
q1a72ac9a,d1a723c42
q1a72ac9a,d1a7265a0
q1a72ac9a,d1a727b8a
q1a72ac9a,d1a726af0
q1a72ac9a,d1a72e1ec
q1a72ac9a,d1a727e1e
q1a72ac9a,d1a72bf32
q1a72ac9a,d1a726870
q1a7221c6,d1a726af0
q1a7221c6,d1a723a30
q1a7221c6,d1a72bce4
q1a7221c6,d1a722c66
q1a7221c6,d1a727b8a
q1a7221c6,d1a72f8c6
q1a7221c6,d1a72e1ec
q1a7221c6,d1a72bf32
q1a7221c6,d1a729e44
q1a7221c6,d1a721654
q1a731c34,d1a731c70
q1a731c34,d1a73ba68
q1a731c34,d1a733cf0
q1a731c34,d1a73ab0e
q1a731c34,d1a7362fc
q1a731c34,d1a735294
q1a731c34,d1a73b46e
q1a731c34,d1a73f046
q1a72feac,d1a72ff9c
q1a72feac,d1a720dee
q1a72feac,d1a7265a0
q1a72feac,d1a7237ce
q1a72feac,d1a725f60
q1a72feac,d1a724bd8
q1a72feac,d1a721fa0
q1a72feac,d1a72c798
q1a72feac,d1a72df58
q1a712adc,d1a712ba4
q1a712adc,d1a7161fa
q1a712adc,d1a719184
q1a712adc,d1a71d5a4
q1a712adc,d1a71df22
q1a712adc,d1a71f2f0
q1a712adc,d1a718108
q1a712adc,d1a71f7d2
q1a712adc,d1a71fa20
q1a730f64,d1a7310a4
q1a730f64,d1a738d04
q1a730f64,d1a73f564
q1a730f64,d1a738fb6
q1a730f64,d1a73bfc2
q1a730f64,d1a736f40
q1a730f64,d1a7334da
q1a730f64,d1a735816
q1a730f64,d1a734e2a
q1a730f64,d1a73e9d4
q1a71bdd0,d1a71be0c
q1a71bdd0,d1a71cca8
q1a71bdd0,d1a71ac1e
q1a71bdd0,d1a716c9a
q1a71bdd0,d1a716452
q1a71bdd0,d1a712532
q1a71bdd0,d1a71fa20
q1a71bdd0,d1a717032
q1a71bdd0,d1a71f084
q1a7261ae,d1a7261ea
q1a7261ae,d1a72bce4
q1a7261ae,d1a72bf32
q1a7261ae,d1a72ccde
q1a7261ae,d1a725f60
q1a7261ae,d1a722c66
q1a7261ae,d1a727b8a
q1a7261ae,d1a72c798
q1a7261ae,d1a72f8c6
q1a7261ae,d1a726af0
q1a71a61a,d1a71a764
q1a71a61a,d1a7166dc
q1a71a61a,d1a711510
q1a71a61a,d1a712532
q1a71a61a,d1a716c9a
q1a71a61a,d1a71ac1e
q1a71a61a,d1a719184
q1a71a61a,d1a71f084
q1a73f76c,d1a73f79e
q1a73f76c,d1a730c3a
q1a73f76c,d1a7326f2
q1a73f76c,d1a738764
q1a73f76c,d1a732ce2
q1a73f76c,d1a73f2c6
q1a73f76c,d1a735816
q1a73f76c,d1a736f40
q1a73f76c,d1a739434
q1a7182f2,d1a7183ce
q1a7182f2,d1a711fd8
q1a7182f2,d1a71ea1c
q1a7182f2,d1a717032
q1a7182f2,d1a71f7d2
q1a7182f2,d1a71b952
q1a7182f2,d1a7155e8
q1a7182f2,d1a719972
q1a736c2a,d1a736cca
q1a736c2a,d1a73bfc2
q1a736c2a,d1a735816
q1a736c2a,d1a738034
q1a736c2a,d1a73e024
q1a736c2a,d1a73c530
q1a736c2a,d1a73e6aa
q1a736c2a,d1a737b0c
q1a736c2a,d1a73ffe6
q1a730370,d1a7303b6
q1a730370,d1a73f046
q1a730370,d1a735816
q1a730370,d1a731ff4
q1a730370,d1a738764
q1a730370,d1a738034
q1a730370,d1a73ccc4
q1a730370,d1a730672
q1a730370,d1a735c44
q1a719d14,d1a719d6e
q1a719d14,d1a718a36
q1a719d14,d1a71456c
q1a719d14,d1a711510
q1a719d14,d1a715854
q1a719d14,d1a71fa20
q1a719d14,d1a715e30
q1a719d14,d1a71b952
q1a719d14,d1a719972
q1a719d14,d1a7138d8
q1a74037e,d1a740464
q1a74037e,d1a740f04
q1a74037e,d1a740248
q1a74037e,d1a740c66
q1a74037e,d1a741ec2
q1a74037e,d1a741bd4
q1a74037e,d1a7413dc
q1a74037e,d1a740a0e
q1a74037e,d1a74070c
q1a73aa46,d1a73ab0e
q1a73aa46,d1a735078
q1a73aa46,d1a7362fc
q1a73aa46,d1a7331d8
q1a73aa46,d1a73ba68
q1a73aa46,d1a733cf0
q1a73aa46,d1a73f046
q1a73aa46,d1a73cf94
q1a73aa46,d1a735294
q1a73aa46,d1a731c70
q1a73efec,d1a7331d8
q1a73efec,d1a735078
q1a73efec,d1a73f046
q1a73efec,d1a7384c6
q1a73efec,d1a7362fc
q1a73efec,d1a734aec
q1a73efec,d1a736f40
q1a73efec,d1a738034
q1a73efec,d1a73f2c6
q1a72a2d6,d1a726870
q1a72a2d6,d1a72a0ce
q1a72a2d6,d1a72ad94
q1a72a2d6,d1a721b22
q1a72a2d6,d1a72a358
q1a72a2d6,d1a7289ae
q1a72a2d6,d1a724228
q1a72a2d6,d1a7255f6
q1a72a2d6,d1a72bf32
q1a72a2d6,d1a72d184
q1a72f830,d1a729b42
q1a72f830,d1a72cf18
q1a72f830,d1a72b474
q1a72f830,d1a723f4e
q1a72f830,d1a7227c0
q1a72f830,d1a7265a0
q1a72f830,d1a7253e4
q1a72f830,d1a72c798
q1a72f830,d1a72fbe6
q1a72f830,d1a726af0
q1a72cc48,d1a720a88
q1a72cc48,d1a72ccde
q1a72cc48,d1a72e41c
q1a72cc48,d1a72f100
q1a72cc48,d1a7250b0
q1a72cc48,d1a72b690
q1a72cc48,d1a721d34
q1a72cc48,d1a7253e4
q1a72cc48,d1a72d3f0
q1a72cc48,d1a7249da
q1a724b74,d1a724bd8
q1a724b74,d1a725f60
q1a724b74,d1a7265a0
q1a724b74,d1a721fa0
q1a724b74,d1a721654
q1a724b74,d1a72ff9c
q1a724b74,d1a72d184
q1a724b74,d1a720dee
q1a724b74,d1a729e44
q1a724b74,d1a7237ce
q1a719922,d1a719972
q1a719922,d1a71e1e8
q1a719922,d1a71b952
q1a719922,d1a7161fa
q1a719922,d1a71f7d2
q1a719922,d1a71cfa0
q1a719922,d1a71dd10
q1a719922,d1a71b272
q1a719922,d1a717e60
q1a734d26,d1a7334da
q1a734d26,d1a734e2a
q1a734d26,d1a73bfc2
q1a734d26,d1a73afdc
q1a734d26,d1a739632
q1a734d26,d1a738fb6
q1a734d26,d1a738034
q1a734d26,d1a7337aa
q1a734d26,d1a73f564
q1a71d996,d1a71da5e
q1a71d996,d1a717e60
q1a71d996,d1a715a70
q1a71d996,d1a717032
q1a71d996,d1a7118d0
q1a71d996,d1a71bb78
q1a71d996,d1a71ac1e
q1a71d996,d1a7174c4
q1a71d996,d1a7138d8
q1a73578a,d1a73e024
q1a73578a,d1a7384c6
q1a73578a,d1a73e9d4
q1a73578a,d1a735816
q1a73578a,d1a734aec
q1a73578a,d1a731540
q1a73578a,d1a73dc6e
q1a73578a,d1a73e6aa
q1a73578a,d1a738d04
q1a73578a,d1a736f40
q1a73f456,d1a73f564
q1a73f456,d1a7310a4
q1a73f456,d1a738d04
q1a73f456,d1a738fb6
q1a73f456,d1a73bfc2
q1a73f456,d1a736f40
q1a73f456,d1a73e9d4
q1a73f456,d1a7334da
q1a73f456,d1a734e2a
q1a71b1c8,d1a7131e4
q1a71b1c8,d1a71b272
q1a71b1c8,d1a713c66
q1a71b1c8,d1a718108
q1a71b1c8,d1a7161fa
q1a71b1c8,d1a71f2f0
q1a71b1c8,d1a71f534
q1a71b1c8,d1a71dd10
q1a71b1c8,d1a71a4e4
q1a71e3aa,d1a71e47c
q1a71e3aa,d1a71a9bc
q1a71e3aa,d1a713f36
q1a71e3aa,d1a7122a8
q1a71e3aa,d1a718d56
q1a71e3aa,d1a7131e4
q1a71e3aa,d1a715322
q1a71e3aa,d1a7161fa
q1a71e3aa,d1a71febc
q1a73ac3a,d1a73ad20
q1a73ac3a,d1a735816
q1a73ac3a,d1a7326f2
q1a73ac3a,d1a738764
q1a73ac3a,d1a73e024
q1a73ac3a,d1a730c3a
q1a73ac3a,d1a737d96
q1a73ac3a,d1a738034
q1a73ac3a,d1a7340d8
q1a718946,d1a718a36
q1a718946,d1a71456c
q1a718946,d1a715854
q1a718946,d1a711510
q1a718946,d1a7166dc
q1a718946,d1a717c44
q1a718946,d1a71fc46
q1a718946,d1a7138d8
q1a73d8ae,d1a73d944
q1a73d8ae,d1a73f2c6
q1a73d8ae,d1a73bfc2
q1a73d8ae,d1a738034
q1a73d8ae,d1a736f40
q1a73d8ae,d1a73b248
q1a73d8ae,d1a738d04
q1a73d8ae,d1a7310a4
q1a73d8ae,d1a735816
q1a740e28,d1a740f04
q1a740e28,d1a741756
q1a740e28,d1a740464
q1a740e28,d1a741bd4
q1a740e28,d1a7413dc
q1a740e28,d1a740248
q1a740e28,d1a741ec2
q1a740e28,d1a740c66
q1a740e28,d1a740a0e
q1a737fc6,d1a738034
q1a737fc6,d1a73f2c6
q1a737fc6,d1a739632
q1a737fc6,d1a734402
q1a737fc6,d1a73ca80
q1a737fc6,d1a73b248
q1a737fc6,d1a736f40
q1a737fc6,d1a730c3a
q1a737fc6,d1a735816
q1a728fb2,d1a7290b6
q1a728fb2,d1a721654
q1a728fb2,d1a72a5d8
q1a728fb2,d1a729e44
q1a728fb2,d1a72b046
q1a728fb2,d1a72c798
q1a728fb2,d1a72e818
q1a728fb2,d1a720dee
q1a728fb2,d1a7283d2
q1a741ddc,d1a741ec2
q1a741ddc,d1a741756
q1a741ddc,d1a740248
q1a741ddc,d1a7413dc
q1a741ddc,d1a741bd4
q1a741ddc,d1a740a0e
q1a741ddc,d1a74070c
q1a741ddc,d1a740c66
q1a741ddc,d1a7411b6
q1a7298ae,d1a72991c
q1a7298ae,d1a726d7a
q1a7298ae,d1a7253e4
q1a7298ae,d1a7227c0
q1a7298ae,d1a72135c
q1a7298ae,d1a72a5d8
q1a7298ae,d1a72b258
q1a7298ae,d1a72f362
q1a7298ae,d1a72cf18
q1a711b3c,d1a712ba4
q1a711b3c,d1a719972
q1a711b3c,d1a7161fa
q1a711b3c,d1a7138d8
q1a711b3c,d1a719490
q1a711b3c,d1a7118d0
q1a711b3c,d1a7177a8
q1a711b3c,d1a71fa20
q1a711b3c,d1a7179c4
q1a711b3c,d1a717c44
q1a72d148,d1a72d184
q1a72d148,d1a7290b6
q1a72d148,d1a72bce4
q1a72d148,d1a722c66
q1a72d148,d1a7200d8
q1a72d148,d1a723f4e
q1a72d148,d1a72ed36
q1a72d148,d1a72aac4
q1a72d148,d1a72ad94
q1a72d148,d1a726af0
q1a73436c,d1a734402
q1a73436c,d1a73f2c6
q1a73436c,d1a73b248
q1a73436c,d1a738034
q1a73436c,d1a73dc6e
q1a73436c,d1a735816
q1a73436c,d1a732ce2
q1a73436c,d1a7310a4
q1a73436c,d1a738d04
q1a7336a6,d1a7337aa
q1a7336a6,d1a7310a4
q1a7336a6,d1a73f564
q1a7336a6,d1a7334da
q1a7336a6,d1a73bfc2
q1a7336a6,d1a739e3e
q1a7336a6,d1a739632
q1a7336a6,d1a73afdc
q1a7336a6,d1a734e2a
q1a7336a6,d1a738d04
q1a716b64,d1a716c9a
q1a716b64,d1a717032
q1a716b64,d1a712532
q1a716b64,d1a7169c0
q1a716b64,d1a71479c
q1a716b64,d1a71b628
q1a716b64,d1a719184
q1a716b64,d1a715e30
q1a716b64,d1a711c7c
q1a716b64,d1a71f084
q1a7144d6,d1a71456c
q1a7144d6,d1a718a36
q1a7144d6,d1a715854
q1a7144d6,d1a717032
q1a7144d6,d1a711510
q1a7144d6,d1a71fc46
q1a7144d6,d1a71a764
q1a7144d6,d1a717c44
q1a7144d6,d1a7166dc
q1a71a4a8,d1a71a4e4
q1a71a4a8,d1a71f534
q1a71a4a8,d1a7174c4
q1a71a4a8,d1a718108
q1a71a4a8,d1a71f2f0
q1a71a4a8,d1a7161fa
q1a71a4a8,d1a71dd10
q1a71a4a8,d1a7122a8
q1a71a4a8,d1a713c66
q1a71b1fa,d1a71b272
q1a71b1fa,d1a714cd8
q1a71b1fa,d1a71dd10
q1a71b1fa,d1a7118d0
q1a71b1fa,d1a71c082
q1a71b1fa,d1a717032
q1a71b1fa,d1a71f2f0
q1a71b1fa,d1a71febc
q1a71b1fa,d1a71e79c
q1a7319fa,d1a731a4a
q1a7319fa,d1a7326f2
q1a7319fa,d1a73d426
q1a7319fa,d1a737d96
q1a7319fa,d1a733a98
q1a7319fa,d1a73fa6e
q1a7319fa,d1a736054
q1a7319fa,d1a731ff4
q1a7319fa,d1a73ffe6
q1a7319fa,d1a734aec
q1a72a9de,d1a72aac4
q1a72a9de,d1a7237ce
q1a72a9de,d1a722c66
q1a72a9de,d1a7218e8
q1a72a9de,d1a7200d8
q1a72a9de,d1a72d184
q1a72a9de,d1a72471e
q1a72a9de,d1a7283d2
q1a72a9de,d1a7210fa
q1a736c52,d1a736cca
q1a736c52,d1a734aec
q1a736c52,d1a731540
q1a736c52,d1a73e024
q1a736c52,d1a73e6aa
q1a736c52,d1a73dc6e
q1a736c52,d1a735816
q1a736c52,d1a7331d8
q1a736c52,d1a7322b0
q1a717b40,d1a717c44
q1a717b40,d1a71d310
q1a717b40,d1a718a36
q1a717b40,d1a719d6e
q1a717b40,d1a715854
q1a717b40,d1a71456c
q1a717b40,d1a712532
q1a717b40,d1a7138d8
q1a717b40,d1a71fa20
q1a71177c,d1a7118d0
q1a71177c,d1a711c7c
q1a71177c,d1a717032
q1a71177c,d1a7161fa
q1a71177c,d1a71d82e
q1a71177c,d1a71ea1c
q1a71177c,d1a71da5e
q1a71177c,d1a71bb78
q1a71177c,d1a7155e8
q1a71177c,d1a71f7d2
q1a739dc6,d1a739e3e
q1a739dc6,d1a73ccc4
q1a739dc6,d1a739632
q1a739dc6,d1a7337aa
q1a739dc6,d1a735816
q1a739dc6,d1a738034
q1a739dc6,d1a73b824
q1a739dc6,d1a739b32
q1a739dc6,d1a73d19c
q1a71eb66,d1a71ec9c
q1a71eb66,d1a71aebc
q1a71eb66,d1a717c44
q1a71eb66,d1a7177a8
q1a71eb66,d1a71cfa0
q1a71eb66,d1a7138d8
q1a71eb66,d1a71fa20
q1a71eb66,d1a71d310
q1a73db4c,d1a73dc6e
q1a73db4c,d1a73afdc
q1a73db4c,d1a7384c6
q1a73db4c,d1a731c70
q1a73db4c,d1a734614
q1a73db4c,d1a731306
q1a73db4c,d1a73ad20
q1a73db4c,d1a7362fc
q1a73db4c,d1a735816
q1a73db4c,d1a73f046
q1a722982,d1a722a18
q1a722982,d1a72bce4
q1a722982,d1a7227c0
q1a722982,d1a72dc10
q1a722982,d1a722202
q1a722982,d1a72d184
q1a722982,d1a72e818
q1a722982,d1a723f4e
q1a722982,d1a724e76
q1a7403d8,d1a740464
q1a7403d8,d1a740248
q1a7403d8,d1a740c66
q1a7403d8,d1a740f04
q1a7403d8,d1a74070c
q1a7403d8,d1a7413dc
q1a7403d8,d1a740a0e
q1a7403d8,d1a741ec2
q1a7403d8,d1a7419cc
q1a723de6,d1a723f4e
q1a723de6,d1a724e76
q1a723de6,d1a72c19e
q1a723de6,d1a721d34
q1a723de6,d1a72cac2
q1a723de6,d1a720542
q1a723de6,d1a7253e4
q1a723de6,d1a725f60
q1a72f01a,d1a72f100
q1a72f01a,d1a72b690
q1a72f01a,d1a7250b0
q1a72f01a,d1a720a88
q1a72f01a,d1a72d3f0
q1a72f01a,d1a72ccde
q1a72f01a,d1a7249da
q1a72f01a,d1a72e41c
q1a72f01a,d1a7210fa
q1a72f01a,d1a72fbe6
q1a730b7c,d1a730c3a
q1a730b7c,d1a7326f2
q1a730b7c,d1a735816
q1a730b7c,d1a7384c6
q1a730b7c,d1a7334da
q1a730b7c,d1a73ad20
q1a730b7c,d1a738764
q1a730b7c,d1a73bfc2
q1a730b7c,d1a73e024
q1a730bd6,d1a730c3a
q1a730bd6,d1a731306
q1a730bd6,d1a7326f2
q1a730bd6,d1a73f2c6
q1a730bd6,d1a73f79e
q1a730bd6,d1a735816
q1a730bd6,d1a73dc6e
q1a730bd6,d1a736f40
q1a730bd6,d1a7384c6
q1a712230,d1a7122a8
q1a712230,d1a71a9bc
q1a712230,d1a713f36
q1a712230,d1a715322
q1a712230,d1a718d56
q1a712230,d1a715a70
q1a712230,d1a7161fa
q1a712230,d1a71fa20
q1a73e31c,d1a73e402
q1a73e31c,d1a733a98
q1a73e31c,d1a734aec
q1a73e31c,d1a73fa6e
q1a73e31c,d1a731ff4
q1a73e31c,d1a731540
q1a73e31c,d1a73d426
q1a73e31c,d1a737b0c
q1a73e31c,d1a736cca
q1a72e174,d1a72e1ec
q1a72e174,d1a727b8a
q1a72e174,d1a723a30
q1a72e174,d1a72f8c6
q1a72e174,d1a722c66
q1a72e174,d1a7289ae
q1a72e174,d1a72bce4
q1a72e174,d1a72bf32
q1a72e174,d1a726af0
q1a731662,d1a733cf0
q1a731662,d1a736cca
q1a731662,d1a731306
q1a731662,d1a730672
q1a731662,d1a73715c
q1a731662,d1a73f046
q1a731662,d1a7331d8
q1a731662,d1a73a424
q1a731662,d1a73ca80
q1a731662,d1a73fcc6
q1a71ebca,d1a71ec9c
q1a71ebca,d1a7177a8
q1a71ebca,d1a71aebc
q1a71ebca,d1a7187f2
q1a71ebca,d1a7127d0
q1a71ebca,d1a71fa20
q1a71ebca,d1a71ea1c
q1a71ebca,d1a7179c4
q1a71ebca,d1a717c44
q1a71ebca,d1a715e30
q1a717bf4,d1a717c44
q1a717bf4,d1a7187f2
q1a717bf4,d1a71e1e8
q1a717bf4,d1a714a58
q1a717bf4,d1a71456c
q1a717bf4,d1a71cfa0
q1a717bf4,d1a7155e8
q1a717bf4,d1a7138d8
q1a71d19e,d1a71d310
q1a71d19e,d1a7169c0
q1a71d19e,d1a71cfa0
q1a71d19e,d1a71fa20
q1a71d19e,d1a7161fa
q1a71d19e,d1a71aebc
q1a71d19e,d1a71e47c
q1a71d19e,d1a7177a8
q1a71d19e,d1a715e30
q1a721582,d1a723a30
q1a721582,d1a727b8a
q1a721582,d1a72bce4
q1a721582,d1a722c66
q1a721582,d1a72f8c6
q1a721582,d1a72e1ec
q1a721582,d1a7218e8
q1a721582,d1a72bf32
q1a721582,d1a726af0
q1a721582,d1a729e44
q1a738444,d1a7384c6
q1a738444,d1a7324d6
q1a738444,d1a73f2c6
q1a738444,d1a734894
q1a738444,d1a734402
q1a738444,d1a738034
q1a738444,d1a73fa6e
q1a738444,d1a737b0c
q1a738444,d1a73a08c
q1a73f956,d1a73fa6e
q1a73f956,d1a73c7c4
q1a73f956,d1a7309a6
q1a73f956,d1a734aec
q1a73f956,d1a731ff4
q1a73f956,d1a738034
q1a73f956,d1a73b248
q1a73f956,d1a73f2c6
q1a73f956,d1a733a98
q1a72bece,d1a72bf32
q1a72bece,d1a72ad94
q1a72bece,d1a726af0
q1a72bece,d1a722202
q1a72bece,d1a72e1ec
q1a72bece,d1a722c66
q1a72bece,d1a72e818
q1a72bece,d1a72d184
q1a72bece,d1a727e1e
q1a73d908,d1a73d944
q1a73d908,d1a7310a4
q1a73d908,d1a734894
q1a73d908,d1a738d04
q1a73d908,d1a736f40
q1a73d908,d1a73bfc2
q1a73d908,d1a738fb6
q1a73d908,d1a7334da
q1a73d908,d1a73f564
q1a73d908,d1a73b248
q1a71a476,d1a71a4e4
q1a71a476,d1a71f534
q1a71a476,d1a7174c4
q1a71a476,d1a71f2f0
q1a71a476,d1a7161fa
q1a71a476,d1a718108
q1a71a476,d1a717032
q1a71a476,d1a71dd10
q1a71a476,d1a71b272
q1a733994,d1a733a98
q1a733994,d1a73e024
q1a733994,d1a73fa6e
q1a733994,d1a734aec
q1a733994,d1a738d04
q1a733994,d1a73e402
q1a733994,d1a737b0c
q1a733994,d1a73e9d4
q1a733994,d1a734402
q1a71d25c,d1a71d310
q1a71d25c,d1a7161fa
q1a71d25c,d1a7138d8
q1a71d25c,d1a71e1e8
q1a71d25c,d1a71f084
q1a71d25c,d1a715e30
q1a71d25c,d1a71fa20
q1a71d25c,d1a71c082
q1a71d25c,d1a717032
q1a71d25c,d1a718108
q1a71b1a0,d1a71b272
q1a71b1a0,d1a7161fa
q1a71b1a0,d1a713c66
q1a71b1a0,d1a71febc
q1a71b1a0,d1a71f2f0
q1a71b1a0,d1a7131e4
q1a71b1a0,d1a71dd10
q1a71b1a0,d1a714cd8
q1a71b1a0,d1a718108
q1a72a54c,d1a7290b6
q1a72a54c,d1a72a5d8
q1a72a54c,d1a72dc10
q1a72a54c,d1a7200d8
q1a72a54c,d1a7233f0
q1a72a54c,d1a722c66
q1a72a54c,d1a72d184
q1a72a54c,d1a723f4e
q1a72a54c,d1a72031c
q1a728864,d1a7289ae
q1a728864,d1a726af0
q1a728864,d1a721b22
q1a728864,d1a723a30
q1a728864,d1a727b8a
q1a728864,d1a72a0ce
q1a728864,d1a72e1ec
q1a728864,d1a72bce4
q1a728864,d1a72f8c6
q1a721a8c,d1a721b22
q1a721a8c,d1a728c1a
q1a721a8c,d1a726af0
q1a721a8c,d1a727b8a
q1a721a8c,d1a72f8c6
q1a721a8c,d1a723a30
q1a721a8c,d1a72d756
q1a721a8c,d1a72bce4
q1a721a8c,d1a721654
q1a732a12,d1a732a94
q1a732a12,d1a735816
q1a732a12,d1a7384c6
q1a732a12,d1a731c70
q1a732a12,d1a7362fc
q1a732a12,d1a736f40
q1a732a12,d1a7310a4
q1a732a12,d1a73d6ec
q1a732a12,d1a73ab0e
q1a7408ba,d1a740a0e
q1a7408ba,d1a741756
q1a7408ba,d1a740c66
q1a7408ba,d1a7411b6
q1a7408ba,d1a7413dc
q1a7408ba,d1a741ec2
q1a7408ba,d1a74070c
q1a7408ba,d1a740464
q1a7408ba,d1a741bd4
q1a727a4a,d1a72e1ec
q1a727a4a,d1a728c1a
q1a727a4a,d1a727b8a
q1a727a4a,d1a726af0
q1a727a4a,d1a729e44
q1a727a4a,d1a723a30
q1a727a4a,d1a721654
q1a727a4a,d1a722202
q1a727a4a,d1a727e1e
q1a727a4a,d1a72f8c6
q1a731f40,d1a731ff4
q1a731f40,d1a73f2c6
q1a731f40,d1a73b248
q1a731f40,d1a733a98
q1a731f40,d1a738034
q1a731f40,d1a735816
q1a731f40,d1a73e024
q1a731f40,d1a736f40
q1a731f40,d1a734402
q1a728832,d1a7289ae
q1a728832,d1a726af0
q1a728832,d1a72a0ce
q1a728832,d1a727b8a
q1a728832,d1a721b22
q1a728832,d1a723a30
q1a728832,d1a728c1a
q1a728832,d1a72e1ec
q1a728832,d1a729e44
q1a741954,d1a7419cc
q1a741954,d1a740248
q1a741954,d1a741756
q1a741954,d1a740c66
q1a741954,d1a7411b6
q1a741954,d1a74070c
q1a741954,d1a740a0e
q1a741954,d1a740464
q1a71cc30,d1a71cca8
q1a71cc30,d1a71ac1e
q1a71cc30,d1a71da5e
q1a71cc30,d1a71be0c
q1a71cc30,d1a717032
q1a71cc30,d1a717e60
q1a71cc30,d1a71d5a4
q1a71cc30,d1a716452
q1a736266,d1a7362fc
q1a736266,d1a731c70
q1a736266,d1a73d6ec
q1a736266,d1a73cf94
q1a736266,d1a73a62c
q1a736266,d1a73ab0e
q1a736266,d1a7322b0
q1a736266,d1a7384c6
q1a736266,d1a735816
q1a722b6c,d1a722c66
q1a722b6c,d1a729b42
q1a722b6c,d1a72bce4
q1a722b6c,d1a729e44
q1a722b6c,d1a727b8a
q1a722b6c,d1a7289ae
q1a722b6c,d1a7253e4
q1a722b6c,d1a726af0
q1a722b6c,d1a72aac4
q1a72b3c0,d1a72b474
q1a72b3c0,d1a72a812
q1a72b3c0,d1a72b690
q1a72b3c0,d1a725f60
q1a72b3c0,d1a72c40a
q1a72b3c0,d1a72b046
q1a72b3c0,d1a7270c2
q1a72b3c0,d1a72df58
q1a72b3c0,d1a72ed36
q1a72b1f4,d1a72bce4
q1a72b1f4,d1a72b258
q1a72b1f4,d1a723a30
q1a72b1f4,d1a723f4e
q1a72b1f4,d1a72bf32
q1a72b1f4,d1a72ad94
q1a72b1f4,d1a726af0
q1a72b1f4,d1a72e818
q1a72b1f4,d1a722202
q1a73df34,d1a73e024
q1a73df34,d1a733a98
q1a73df34,d1a73d19c
q1a73df34,d1a73e9d4
q1a73df34,d1a7326f2
q1a73df34,d1a735816
q1a73df34,d1a73dc6e
q1a73df34,d1a738034
q1a73df34,d1a73715c
q1a73df34,d1a7324d6
q1a711e7a,d1a711fd8
q1a711e7a,d1a7183ce
q1a711e7a,d1a71f7d2
q1a711e7a,d1a718108
q1a711e7a,d1a71ea1c
q1a711e7a,d1a71b952
q1a711e7a,d1a7155e8
q1a711e7a,d1a714a58
q1a7405e0,d1a74070c
q1a7405e0,d1a741bd4
q1a7405e0,d1a741756
q1a7405e0,d1a740a0e
q1a7405e0,d1a740248
q1a7405e0,d1a740c66
q1a7405e0,d1a741ec2
q1a7405e0,d1a7413dc
q1a720a42,d1a720a88
q1a720a42,d1a72b690
q1a720a42,d1a72f100
q1a720a42,d1a72ccde
q1a720a42,d1a7250b0
q1a720a42,d1a72e41c
q1a720a42,d1a72083a
q1a720a42,d1a7249da
q1a720a42,d1a726af0
q1a727306,d1a72740a
q1a727306,d1a72c40a
q1a727306,d1a72b690
q1a727306,d1a7210fa
q1a727306,d1a721d34
q1a727306,d1a72a5d8
q1a727306,d1a720a88
q1a727306,d1a72d99a
q1a727306,d1a7285e4
q1a72b5dc,d1a72b690
q1a72b5dc,d1a720a88
q1a72b5dc,d1a72e41c
q1a72b5dc,d1a7249da
q1a72b5dc,d1a72d3f0
q1a72b5dc,d1a7231d4
q1a72b5dc,d1a72f100
q1a72b5dc,d1a72083a
q1a72b5dc,d1a7250b0
q1a73058c,d1a730672
q1a73058c,d1a73f2c6
q1a73058c,d1a734402
q1a73058c,d1a73e9d4
q1a73058c,d1a73c530
q1a73058c,d1a735816
q1a73058c,d1a731306
q1a73058c,d1a738034
q1a73058c,d1a736f40
q1a72c05e,d1a72c19e
q1a72c05e,d1a724e76
q1a72c05e,d1a72cac2
q1a72c05e,d1a721d34
q1a72c05e,d1a720542
q1a72c05e,d1a7237ce
q1a72c05e,d1a723f4e
q1a72c05e,d1a722c66
q1a72c05e,d1a72aac4
q1a739d12,d1a739e3e
q1a739d12,d1a73d19c
q1a739d12,d1a735816
q1a739d12,d1a732ce2
q1a739d12,d1a73b824
q1a739d12,d1a731306
q1a739d12,d1a73a852
q1a739d12,d1a73bfc2
q1a739d12,d1a7337aa
q1a729ffc,d1a72a0ce
q1a729ffc,d1a7237ce
q1a729ffc,d1a7289ae
q1a729ffc,d1a726af0
q1a729ffc,d1a723a30
q1a729ffc,d1a721b22
q1a729ffc,d1a728c1a
q1a729ffc,d1a7233f0
q1a725e48,d1a725f60
q1a725e48,d1a72ed36
q1a725e48,d1a720dee
q1a725e48,d1a72ff9c
q1a725e48,d1a72b046
q1a725e48,d1a724e76
q1a725e48,d1a72cf18
q1a725e48,d1a72a5d8
q1a725e48,d1a72fbe6
q1a7146ac,d1a71479c
q1a7146ac,d1a71f084
q1a7146ac,d1a719184
q1a7146ac,d1a7169c0
q1a7146ac,d1a712532
q1a7146ac,d1a71b628
q1a7146ac,d1a716c9a
q1a7146ac,d1a717032
q1a7146ac,d1a711c7c
q1a730924,d1a7309a6
q1a730924,d1a73fa6e
q1a730924,d1a73dc6e
q1a730924,d1a73715c
q1a730924,d1a736f40
q1a730924,d1a734aec
q1a730924,d1a733a98
q1a730924,d1a73b248
q1a730924,d1a73e6aa
q1a712a14,d1a712ba4
q1a712a14,d1a7166dc
q1a712a14,d1a71fa20
q1a712a14,d1a719d6e
q1a712a14,d1a71aebc
q1a712a14,d1a716452
q1a712a14,d1a71456c
q1a712a14,d1a71e1e8
q1a712a14,d1a71ec9c
q1a7215dc,d1a721654
q1a7215dc,d1a725f60
q1a7215dc,d1a724bd8
q1a7215dc,d1a72ff9c
q1a7215dc,d1a723a30
q1a7215dc,d1a727b8a
q1a7215dc,d1a72bce4
q1a7215dc,d1a722c66
q1a7215dc,d1a720dee
q1a7215dc,d1a729e44
q1a73f6b8,d1a73f79e
q1a73f6b8,d1a730c3a
q1a73f6b8,d1a738764
q1a73f6b8,d1a738034
q1a73f6b8,d1a731306
q1a73f6b8,d1a735816
q1a73f6b8,d1a73f2c6
q1a73f6b8,d1a73ee34
q1a73f6b8,d1a73e9d4
q1a732198,d1a7322b0
q1a732198,d1a73a62c
q1a732198,d1a731c70
q1a732198,d1a73cf94
q1a732198,d1a7362fc
q1a732198,d1a73ab0e
q1a732198,d1a73b46e
q1a732198,d1a73d6ec
q1a732198,d1a735294
q1a732198,d1a732f9e
q1a728be8,d1a727b8a
q1a728be8,d1a723a30
q1a728be8,d1a727e1e
q1a728be8,d1a722c66
q1a728be8,d1a72f8c6
q1a728be8,d1a72e1ec
q1a728be8,d1a72bce4
q1a728be8,d1a72bf32
q1a728be8,d1a726af0
q1a73e600,d1a73e6aa
q1a73e600,d1a736f40
q1a73e600,d1a73dc6e
q1a73e600,d1a73e024
q1a73e600,d1a731540
q1a73e600,d1a731748
q1a73e600,d1a735816
q1a73e600,d1a73e9d4
q1a73e600,d1a738034
q1a73e600,d1a738d04
q1a71415c,d1a714224
q1a71415c,d1a719738
q1a71415c,d1a71a9bc
q1a71415c,d1a718d56
q1a71415c,d1a7161fa
q1a71415c,d1a7122a8
q1a71415c,d1a715322
q1a71415c,d1a71b272
q1a717b9a,d1a717c44
q1a717b9a,d1a718a36
q1a717b9a,d1a71456c
q1a717b9a,d1a7161fa
q1a717b9a,d1a711510
q1a717b9a,d1a71b272
q1a717b9a,d1a717e60
q1a717b9a,d1a717032
q1a717b9a,d1a71f084
q1a72b60e,d1a72b690
q1a72b60e,d1a7249da
q1a72b60e,d1a720a88
q1a72b60e,d1a72c40a
q1a72b60e,d1a72d3f0
q1a72b60e,d1a72e41c
q1a72b60e,d1a7250b0
q1a72b60e,d1a72f100
q1a72b60e,d1a72740a
q1a72b60e,d1a72ccde
q1a72ce82,d1a72cf18
q1a72ce82,d1a725f60
q1a72ce82,d1a7255f6
q1a72ce82,d1a728170
q1a72ce82,d1a72b474
q1a72ce82,d1a7265a0
q1a72ce82,d1a72df58
q1a72ce82,d1a7270c2
q1a72ce82,d1a72ed36
q1a724160,d1a724228
q1a724160,d1a72a358
q1a724160,d1a72ad94
q1a724160,d1a729b42
q1a724160,d1a72d184
q1a724160,d1a722c66
q1a724160,d1a727e1e
q1a724160,d1a72f100
q1a724160,d1a72e41c
q1a721230,d1a72135c
q1a721230,d1a7227c0
q1a721230,d1a7253e4
q1a721230,d1a72cf18
q1a721230,d1a72bce4
q1a721230,d1a72f362
q1a721230,d1a722a18
q1a721230,d1a72991c
q1a721230,d1a72e818
q1a721230,d1a722202
q1a71ba74,d1a71bb78
q1a71ba74,d1a713c66
q1a71ba74,d1a71da5e
q1a71ba74,d1a7155e8
q1a71ba74,d1a717032
q1a71ba74,d1a7161fa
q1a71ba74,d1a71f2f0
q1a71ba74,d1a711510
q1a71ba74,d1a71f7d2
q1a731978,d1a7326f2
q1a731978,d1a73f2c6
q1a731978,d1a73d426
q1a731978,d1a737d96
q1a731978,d1a735816
q1a731978,d1a73ffe6
q1a731978,d1a73fa6e
q1a731978,d1a73b248
q1a731978,d1a734aec
q1a731978,d1a731ff4
q1a736ef0,d1a736f40
q1a736ef0,d1a738034
q1a736ef0,d1a732ce2
q1a736ef0,d1a735816
q1a736ef0,d1a739632
q1a736ef0,d1a73c530
q1a736ef0,d1a73b248
q1a736ef0,d1a73f564
q1a736ef0,d1a73b824
q1a71efda,d1a718a36
q1a71efda,d1a71f084
q1a71efda,d1a715854
q1a71efda,d1a71fc46
q1a71efda,d1a711510
q1a71efda,d1a717032
q1a71efda,d1a7161fa
q1a71efda,d1a7155e8
q1a71efda,d1a718108
q1a71efda,d1a71be0c
q1a7333fe,d1a73899e
q1a7333fe,d1a7334da
q1a7333fe,d1a731306
q1a7333fe,d1a73a852
q1a7333fe,d1a739b32
q1a7333fe,d1a73bfc2
q1a7333fe,d1a738034
q1a7333fe,d1a739632
q1a7333fe,d1a735816
q1a7333fe,d1a7337aa
q1a729dea,d1a729e44
q1a729dea,d1a72bce4
q1a729dea,d1a72135c
q1a729dea,d1a7227c0
q1a729dea,d1a7253e4
q1a729dea,d1a72fbe6
q1a729dea,d1a72ed36
q1a729dea,d1a725d26
q1a729dea,d1a72a5d8
q1a741922,d1a7419cc
q1a741922,d1a740248
q1a741922,d1a741756
q1a741922,d1a741bd4
q1a741922,d1a740c66
q1a741922,d1a740464
q1a741922,d1a741ec2
q1a741922,d1a7413dc
q1a71909e,d1a719184
q1a71909e,d1a716c9a
q1a71909e,d1a712532
q1a71909e,d1a717032
q1a71909e,d1a7161fa
q1a71909e,d1a717e60
q1a71909e,d1a7122a8
q1a71909e,d1a718d56
q1a71909e,d1a71be0c
q1a71418e,d1a719738
q1a71418e,d1a714224
q1a71418e,d1a71b272
q1a71418e,d1a71aebc
q1a71418e,d1a71fa20
q1a71418e,d1a71cfa0
q1a71418e,d1a7127d0
q1a71418e,d1a71d310
q1a717d70,d1a717e60
q1a717d70,d1a71da5e
q1a717d70,d1a715a70
q1a717d70,d1a7118d0
q1a717d70,d1a711fd8
q1a717d70,d1a719972
q1a717d70,d1a717032
q1a717d70,d1a719184
q1a729d68,d1a729e44
q1a729d68,d1a7289ae
q1a729d68,d1a7237ce
q1a729d68,d1a727b8a
q1a729d68,d1a726870
q1a729d68,d1a726af0
q1a729d68,d1a721654
q1a73d6a6,d1a731c70
q1a73d6a6,d1a73d6ec
q1a73d6a6,d1a7362fc
q1a73d6a6,d1a73cf94
q1a73d6a6,d1a73744a
q1a73d6a6,d1a73ca80
q1a73d6a6,d1a73a62c
q1a73d6a6,d1a73dc6e
q1a73d6a6,d1a735816
q1a740144,d1a740248
q1a740144,d1a741756
q1a740144,d1a740c66
q1a740144,d1a741ec2
q1a740144,d1a740a0e
q1a740144,d1a7411b6
q1a740144,d1a74070c
q1a740144,d1a740f04
q1a740144,d1a7419cc
q1a731266,d1a731306
q1a731266,d1a732ce2
q1a731266,d1a739434
q1a731266,d1a730c3a
q1a731266,d1a738034
q1a731266,d1a73bfc2
q1a731266,d1a738764
q1a731266,d1a736f40
q1a731266,d1a735816
q1a72a272,d1a72a358
q1a72a272,d1a727e1e
q1a72a272,d1a721b22
q1a72a272,d1a728c1a
q1a72a272,d1a72aac4
q1a72a272,d1a726870
q1a72a272,d1a7210fa
q1a72a272,d1a72ad94
q1a72a272,d1a7231d4
q1a72a272,d1a72bf32
q1a738962,d1a731c70
q1a738962,d1a73dc6e
q1a738962,d1a73f2c6
q1a738962,d1a738034
q1a738962,d1a732ce2
q1a738962,d1a73ffe6
q1a738962,d1a736f40
q1a738962,d1a735816
q1a738962,d1a73bfc2
q1a738962,d1a7384c6
q1a732c10,d1a732ce2
q1a732c10,d1a73a852
q1a732c10,d1a739434
q1a732c10,d1a731306
q1a732c10,d1a739632
q1a732c10,d1a738034
q1a732c10,d1a7337aa
q1a732c10,d1a739e3e
q1a72afec,d1a725f60
q1a72afec,d1a72b046
q1a72afec,d1a72f362
q1a72afec,d1a72ed36
q1a72afec,d1a72ff9c
q1a72afec,d1a720dee
q1a72afec,d1a7255f6
q1a72afec,d1a72d184
q1a72afec,d1a72d99a
q1a74016c,d1a740248
q1a74016c,d1a741bd4
q1a74016c,d1a7419cc
q1a74016c,d1a7411b6
q1a74016c,d1a74070c
q1a74016c,d1a740c66
q1a74016c,d1a741ec2
q1a74016c,d1a740464
q1a74016c,d1a7413dc
q1a72afc4,d1a72b046
q1a72afc4,d1a725f60
q1a72afc4,d1a7237ce
q1a72afc4,d1a723f4e
q1a72afc4,d1a72c40a
q1a72afc4,d1a720dee
q1a72afc4,d1a72cf18
q1a72afc4,d1a7265a0
q1a72afc4,d1a72c798
q1a71bfec,d1a71c082
q1a71bfec,d1a71e79c
q1a71bfec,d1a7179c4
q1a71bfec,d1a71dd10
q1a71bfec,d1a714cd8
q1a71bfec,d1a71b272
q1a71bfec,d1a7161fa
q1a71bfec,d1a71f2f0
q1a72fede,d1a727e1e
q1a72fede,d1a72a358
q1a72fede,d1a72fbe6
q1a72fede,d1a72ad94
q1a72fede,d1a724228
q1a72fede,d1a72bf32
q1a72fede,d1a728c1a
q1a72fede,d1a728170
q1a72fede,d1a7210fa
q1a72fede,d1a72d184
q1a739d9e,d1a739e3e
q1a739d9e,d1a7337aa
q1a739d9e,d1a737d96
q1a739d9e,d1a73ccc4
q1a739d9e,d1a738034
q1a739d9e,d1a731748
q1a739d9e,d1a739b32
q1a739d9e,d1a73899e
q1a739d9e,d1a73920e
q1a739d9e,d1a734614
q1a715d90,d1a715e30
q1a715d90,d1a71d82e
q1a715d90,d1a715854
q1a715d90,d1a71f084
q1a715d90,d1a71456c
q1a715d90,d1a712ba4
q1a715d90,d1a716452
q1a715d90,d1a711c7c
q1a715d90,d1a71b628
q1a733962,d1a733a98
q1a733962,d1a73715c
q1a733962,d1a7326f2
q1a733962,d1a73e402
q1a733962,d1a73d426
q1a733962,d1a73fa6e
q1a733962,d1a731ff4
q1a733962,d1a739434
q1a733962,d1a734aec
q1a733962,d1a736cca
q1a72c6bc,d1a72c798
q1a72c6bc,d1a723c42
q1a72c6bc,d1a7265a0
q1a72c6bc,d1a7255f6
q1a72c6bc,d1a7296ba
q1a72c6bc,d1a720dee
q1a72c6bc,d1a72d184
q1a72c6bc,d1a72e1ec
q1a72c6bc,d1a7218e8
q1a72c6bc,d1a72fbe6
q1a738638,d1a73f2c6
q1a738638,d1a730672
q1a738638,d1a738764
q1a738638,d1a730c3a
q1a738638,d1a735816
q1a738638,d1a73bfc2
q1a738638,d1a736f40
q1a738638,d1a738034
q1a738638,d1a7310a4
q1a738638,d1a73b248
q1a72a7cc,d1a72a812
q1a72a7cc,d1a721fa0
q1a72a7cc,d1a72bce4
q1a72a7cc,d1a72d99a
q1a72a7cc,d1a722c66
q1a72a7cc,d1a72b474
q1a72a7cc,d1a72d184
q1a72a7cc,d1a7218e8
q1a72a7cc,d1a727b8a
q1a71f6e2,d1a71e1e8
q1a71f6e2,d1a71f7d2
q1a71f6e2,d1a71b952
q1a71f6e2,d1a719d6e
q1a71f6e2,d1a719972
q1a71f6e2,d1a71cfa0
q1a71f6e2,d1a717032
q1a71f6e2,d1a7179c4
q1a71f6e2,d1a71f2f0
q1a72e14c,d1a72e1ec
q1a72e14c,d1a726af0
q1a72e14c,d1a72ad94
q1a72e14c,d1a727b8a
q1a72e14c,d1a729e44
q1a72e14c,d1a72991c
q1a72e14c,d1a723a30
q1a72e14c,d1a72f8c6
q1a72e14c,d1a72bce4
q1a724624,d1a72471e
q1a724624,d1a72f100
q1a724624,d1a72e41c
q1a724624,d1a729b42
q1a724624,d1a7250b0
q1a724624,d1a722c66
q1a724624,d1a7200d8
q1a724624,d1a72ccde
q1a724624,d1a72d184
q1a716bf0,d1a716c9a
q1a716bf0,d1a715e30
q1a716bf0,d1a712532
q1a716bf0,d1a71b628
q1a716bf0,d1a71f084
q1a716bf0,d1a71479c
q1a716bf0,d1a719184
q1a716bf0,d1a7161fa
q1a716bf0,d1a717032
q1a73a5a0,d1a73a62c
q1a73a5a0,d1a73cf94
q1a73a5a0,d1a7322b0
q1a73a5a0,d1a7384c6
q1a73a5a0,d1a731c70
q1a73a5a0,d1a7362fc
q1a73a5a0,d1a735816
q1a73a5a0,d1a73d6ec
q1a72556a,d1a7255f6
q1a72556a,d1a72d184
q1a72556a,d1a72ed36
q1a72556a,d1a723f4e
q1a72556a,d1a728170
q1a72556a,d1a72dc10
q1a72556a,d1a72c798
q1a72556a,d1a72e818
q1a72556a,d1a72fbe6
q1a73439e,d1a734402
q1a73439e,d1a73ab0e
q1a73439e,d1a73ca80
q1a73439e,d1a73a424
q1a73439e,d1a739632
q1a73439e,d1a73f2c6
q1a73439e,d1a73f046
q1a712e10,d1a714f9e
q1a712e10,d1a717032
q1a712e10,d1a7161fa
q1a712e10,d1a712ec4
q1a712e10,d1a718d56
q1a712e10,d1a71da5e
q1a712e10,d1a7174c4
q1a712e10,d1a717e60
q1a712e10,d1a7179c4
q1a712e10,d1a71cca8
q1a73b9fa,d1a73ba68
q1a73b9fa,d1a733cf0
q1a73b9fa,d1a7362fc
q1a73b9fa,d1a73f046
q1a73b9fa,d1a731c70
q1a73b9fa,d1a73ab0e
q1a73b9fa,d1a735078
q1a73b9fa,d1a734614
q1a73b9fa,d1a7331d8
q1a7248cc,d1a7249da
q1a7248cc,d1a722c66
q1a7248cc,d1a72b690
q1a7248cc,d1a72f100
q1a7248cc,d1a720a88
q1a7248cc,d1a72e41c
q1a7248cc,d1a72ed36
q1a7248cc,d1a7285e4
q1a7248cc,d1a72fbe6
q1a736e3c,d1a73920e
q1a736e3c,d1a736f40
q1a736e3c,d1a734614
q1a736e3c,d1a738fb6
q1a736e3c,d1a738034
q1a736e3c,d1a739632
q1a736e3c,d1a73bfc2
q1a736e3c,d1a7310a4
q1a736e3c,d1a738d04
q1a71828e,d1a7183ce
q1a71828e,d1a711fd8
q1a71828e,d1a7161fa
q1a71828e,d1a717032
q1a71828e,d1a719972
q1a71828e,d1a71b272
q1a71828e,d1a71ea1c
q1a71828e,d1a7155e8
q1a73dee4,d1a7309a6
q1a73dee4,d1a73dc6e
q1a73dee4,d1a73715c
q1a73dee4,d1a735816
q1a73dee4,d1a73fa6e
q1a73dee4,d1a738034
q1a73dee4,d1a73b248
q1a73dee4,d1a73f2c6
q1a73dee4,d1a731ff4
q1a74063a,d1a74070c
q1a74063a,d1a741bd4
q1a74063a,d1a740248
q1a74063a,d1a741756
q1a74063a,d1a740c66
q1a74063a,d1a740a0e
q1a74063a,d1a740464
q1a74063a,d1a7413dc
q1a74063a,d1a741ec2
q1a731f9a,d1a731ff4
q1a731f9a,d1a73fa6e
q1a731f9a,d1a735816
q1a731f9a,d1a733a98
q1a731f9a,d1a731540
q1a731f9a,d1a73e024
q1a731f9a,d1a73f2c6
q1a731f9a,d1a7326f2
q1a731f9a,d1a737b0c
q1a71e972,d1a71ea1c
q1a71e972,d1a714a58
q1a71e972,d1a7155e8
q1a71e972,d1a71f084
q1a71e972,d1a7161fa
q1a71e972,d1a71df22
q1a71e972,d1a718108
q1a71e972,d1a713c66
q1a71e972,d1a71b628
q1a73866a,d1a738764
q1a73866a,d1a730c3a
q1a73866a,d1a732ce2
q1a73866a,d1a738034
q1a73866a,d1a735816
q1a73866a,d1a731306
q1a73866a,d1a73dc6e
q1a73866a,d1a73f79e
q1a73866a,d1a7337aa
q1a73866a,d1a7367c0
q1a71fb88,d1a71fc46
q1a71fb88,d1a718108
q1a71fb88,d1a715854
q1a71fb88,d1a717032
q1a71fb88,d1a71e79c
q1a71fb88,d1a711510
q1a71fb88,d1a71dd10
q1a71fb88,d1a71c082
q1a71fb88,d1a71f084
q1a738386,d1a7384c6
q1a738386,d1a7324d6
q1a738386,d1a7326f2
q1a738386,d1a735816
q1a738386,d1a73dc6e
q1a738386,d1a73a08c
q1a738386,d1a738034
q1a738386,d1a737b0c
q1a738386,d1a73c530
q1a723698,d1a7237ce
q1a723698,d1a7200d8
q1a723698,d1a729b42
q1a723698,d1a72f100
q1a723698,d1a722c66
q1a723698,d1a72d184
q1a723698,d1a72bce4
q1a723698,d1a72aac4
q1a723698,d1a7265a0
q1a723698,d1a72fbe6
q1a7229aa,d1a722a18
q1a7229aa,d1a725f60
q1a7229aa,d1a72bf32
q1a7229aa,d1a724e76
q1a7229aa,d1a723f4e
q1a7229aa,d1a72bce4
q1a7229aa,d1a722202
q1a7229aa,d1a7265a0
q1a7229aa,d1a72c798
q1a72c0c2,d1a72c19e
q1a72c0c2,d1a723f4e
q1a72c0c2,d1a724e76
q1a72c0c2,d1a721d34
q1a72c0c2,d1a720542
q1a72c0c2,d1a72cac2
q1a72c0c2,d1a7237ce
q1a72c0c2,d1a72d99a
q1a73d160,d1a73d19c
q1a73d160,d1a731c70
q1a73d160,d1a735816
q1a73d160,d1a730c3a
q1a73d160,d1a73e024
q1a73d160,d1a73f2c6
q1a73d160,d1a736f40
q1a73d160,d1a7384c6
q1a73d160,d1a73b248
q1a73d160,d1a73e6aa
q1a714a12,d1a714a58
q1a714a12,d1a71ea1c
q1a714a12,d1a7155e8
q1a714a12,d1a7161fa
q1a714a12,d1a711fd8
q1a714a12,d1a71f084
q1a714a12,d1a717032
q1a714a12,d1a713c66
q1a714a12,d1a71f2f0
q1a714a12,d1a71f7d2
q1a73cf12,d1a73cf94
q1a73cf12,d1a7384c6
q1a73cf12,d1a736f40
q1a73cf12,d1a73bfc2
q1a73cf12,d1a7322b0
q1a73cf12,d1a738d04
q1a73cf12,d1a73e024
q1a73cf12,d1a735816
q1a73cf12,d1a7310a4
q1a73cf12,d1a737b0c
q1a71fff2,d1a717032
q1a71fff2,d1a7131e4
q1a71fff2,d1a71f2f0
q1a71fff2,d1a71b272
q1a71fff2,d1a7174c4
q1a71fff2,d1a7122a8
q1a71fff2,d1a715322
q1a71fff2,d1a718d56
q1a71fff2,d1a713c66
q1a71fff2,d1a71a4e4
q1a732e68,d1a732f9e
q1a732e68,d1a73ab0e
q1a732e68,d1a731c70
q1a732e68,d1a73ba68
q1a732e68,d1a7362fc
q1a732e68,d1a733cf0
q1a732e68,d1a73b46e
q1a732e68,d1a7322b0
q1a732ec2,d1a732f9e
q1a732ec2,d1a73ab0e
q1a732ec2,d1a7362fc
q1a732ec2,d1a731c70
q1a732ec2,d1a7322b0
q1a732ec2,d1a735294
q1a732ec2,d1a73b46e
q1a732ec2,d1a735c44
q1a7239f4,d1a726af0
q1a7239f4,d1a729e44
q1a7239f4,d1a723a30
q1a7239f4,d1a727b8a
q1a7239f4,d1a722202
q1a7239f4,d1a72e1ec
q1a7239f4,d1a72f8c6
q1a7239f4,d1a72bf32
q1a7239f4,d1a72bce4
q1a7239f4,d1a722c66
q1a7393d0,d1a739434
q1a7393d0,d1a732ce2
q1a7393d0,d1a73715c
q1a7393d0,d1a73bd10
q1a7393d0,d1a7369d2
q1a7393d0,d1a731306
q1a7393d0,d1a735816
q1a7393d0,d1a734e2a
q1a7393d0,d1a7326f2
q1a72af6a,d1a72fbe6
q1a72af6a,d1a726870
q1a72af6a,d1a72ccde
q1a72af6a,d1a727e1e
q1a72af6a,d1a724228
q1a72af6a,d1a72ad94
q1a72af6a,d1a720a88
q1a72af6a,d1a72aac4
q1a72af6a,d1a72e41c
q1a72af6a,d1a7261ea
q1a72399a,d1a723a30
q1a72399a,d1a721654
q1a72399a,d1a727b8a
q1a72399a,d1a721b22
q1a72399a,d1a72e1ec
q1a72399a,d1a72bce4
q1a72399a,d1a726af0
q1a72399a,d1a722c66
q1a7161a0,d1a7122a8
q1a7161a0,d1a715322
q1a7161a0,d1a7161fa
q1a7161a0,d1a71a9bc
q1a7161a0,d1a718d56
q1a7161a0,d1a71479c
q1a7161a0,d1a713f36
q1a7161a0,d1a71febc
q1a7161a0,d1a717e60
q1a7161a0,d1a71a016
q1a73deb2,d1a73e024
q1a73deb2,d1a7310a4
q1a73deb2,d1a738d04
q1a73deb2,d1a738fb6
q1a73deb2,d1a73f564
q1a73deb2,d1a73e9d4
q1a73deb2,d1a736f40
q1a73deb2,d1a7334da
q1a73deb2,d1a73bfc2
q1a73deb2,d1a734e2a
q1a72c630,d1a72c798
q1a72c630,d1a723c42
q1a72c630,d1a7255f6
q1a72c630,d1a7265a0
q1a72c630,d1a720dee
q1a72c630,d1a7218e8
q1a72c630,d1a727b8a
q1a72c630,d1a72f100
q1a72c630,d1a72e1ec
q1a72c630,d1a72fbe6
q1a73736e,d1a73744a
q1a73736e,d1a73e6aa
q1a73736e,d1a732ce2
q1a73736e,d1a738fb6
q1a73736e,d1a73bfc2
q1a73736e,d1a73ccc4
q1a73736e,d1a73a852
q1a73736e,d1a73afdc
q1a73736e,d1a73d19c
q1a73b702,d1a73b824
q1a73b702,d1a73f2c6
q1a73b702,d1a73bfc2
q1a73b702,d1a731306
q1a73b702,d1a730672
q1a73b702,d1a732ce2
q1a73b702,d1a736f40
q1a73b702,d1a73c530
q1a73b702,d1a7310a4
q1a73b702,d1a735816
q1a71bd44,d1a71be0c
q1a71bd44,d1a71cca8
q1a71bd44,d1a717e60
q1a71bd44,d1a715a70
q1a71bd44,d1a719490
q1a71bd44,d1a719184
q1a71bd44,d1a71da5e
q1a7388ae,d1a73899e
q1a7388ae,d1a739b32
q1a7388ae,d1a7334da
q1a7388ae,d1a73a852
q1a7388ae,d1a73bfc2
q1a7388ae,d1a73f564
q1a7388ae,d1a738034
q1a7388ae,d1a73ccc4
q1a7388ae,d1a73afdc
q1a7397c2,d1a739b32
q1a7397c2,d1a731306
q1a7397c2,d1a739e3e
q1a7397c2,d1a735816
q1a7397c2,d1a73a852
q1a7397c2,d1a738034
q1a7397c2,d1a732ce2
q1a7397c2,d1a73899e
q1a7397c2,d1a73b824
q1a711b6e,d1a71ec9c
q1a711b6e,d1a711c7c
q1a711b6e,d1a719972
q1a711b6e,d1a7161fa
q1a711b6e,d1a715e30
q1a711b6e,d1a7169c0
q1a711b6e,d1a71b628
q1a711b6e,d1a71f084
q1a711b6e,d1a712ba4
q1a711b6e,d1a716452
q1a729886,d1a72991c
q1a729886,d1a72b258
q1a729886,d1a726d7a
q1a729886,d1a72a5d8
q1a729886,d1a7210fa
q1a729886,d1a7200d8
q1a729886,d1a72bce4
q1a729886,d1a72e818
q1a729886,d1a722c66
q1a729886,d1a7218e8
q1a71412a,d1a7166dc
q1a71412a,d1a71d82e
q1a71412a,d1a7155e8
q1a71412a,d1a717032
q1a71412a,d1a71b628
q1a71412a,d1a711510
q1a71412a,d1a7169c0
q1a71412a,d1a711c7c
q1a71412a,d1a71f084
q1a71412a,d1a715e30
q1a7254fc,d1a7255f6
q1a7254fc,d1a72c40a
q1a7254fc,d1a7296ba
q1a7254fc,d1a7249da
q1a7254fc,d1a72d184
q1a7254fc,d1a72ba82
q1a7254fc,d1a7237ce
q1a7254fc,d1a72b690
q1a73f71c,d1a73f79e
q1a73f71c,d1a730c3a
q1a73f71c,d1a738764
q1a73f71c,d1a732ce2
q1a73f71c,d1a7326f2
q1a73f71c,d1a73ad20
q1a73f71c,d1a738034
q1a73f71c,d1a735816
q1a73f71c,d1a73f2c6
q1a73aaaa,d1a73ab0e
q1a73aaaa,d1a733cf0
q1a73aaaa,d1a73f046
q1a73aaaa,d1a73ba68
q1a73aaaa,d1a731c70
q1a73aaaa,d1a7322b0
q1a73aaaa,d1a7362fc
q1a73aaaa,d1a73b46e
q1a73aaaa,d1a73ca80
q1a716966,d1a71b628
q1a716966,d1a713428
q1a716966,d1a71cca8
q1a716966,d1a715e30
q1a716966,d1a711c7c
q1a716966,d1a71f084
q1a716966,d1a715a70
q1a716966,d1a71be0c
q1a716966,d1a717032
q1a716966,d1a7161fa
q1a71a8fe,d1a71a9bc
q1a71a8fe,d1a717032
q1a71a8fe,d1a718108
q1a71a8fe,d1a7161fa
q1a71a8fe,d1a71f2f0
q1a71a8fe,d1a718d56
q1a71a8fe,d1a713c66
q1a71a8fe,d1a7122a8
q1a71a8fe,d1a7179c4
q1a73703a,d1a73715c
q1a73703a,d1a73dc6e
q1a73703a,d1a737b0c
q1a73703a,d1a73d426
q1a73703a,d1a73ca80
q1a73703a,d1a731ff4
q1a73703a,d1a734e2a
q1a73703a,d1a733a98
q1a73703a,d1a73e402
q1a727dd8,d1a727e1e
q1a727dd8,d1a727b8a
q1a727dd8,d1a72f8c6
q1a727dd8,d1a72e1ec
q1a727dd8,d1a728c1a
q1a727dd8,d1a722c66
q1a727dd8,d1a721654
q1a727dd8,d1a723a30
q1a727dd8,d1a7218e8
q1a73dbd8,d1a73dc6e
q1a73dbd8,d1a73bfc2
q1a73dbd8,d1a738d04
q1a73dbd8,d1a7310a4
q1a73dbd8,d1a7334da
q1a73dbd8,d1a734e2a
q1a73dbd8,d1a736f40
q1a73dbd8,d1a735816
q1a73dbd8,d1a73f564
q1a71dc98,d1a71dd10
q1a71dc98,d1a714cd8
q1a71dc98,d1a71f2f0
q1a71dc98,d1a71c082
q1a71dc98,d1a7161fa
q1a71dc98,d1a7118d0
q1a71dc98,d1a7179c4
q1a71dc98,d1a71ca46
q1a71dc98,d1a71e79c
q1a71dc98,d1a7174c4
q1a7190d0,d1a711510
q1a7190d0,d1a719184
q1a7190d0,d1a7161fa
q1a7190d0,d1a71b952
q1a7190d0,d1a7122a8
q1a7190d0,d1a712532
q1a7190d0,d1a713c66
q1a7190d0,d1a717032
q1a7190d0,d1a7155e8
q1a716bc8,d1a716c9a
q1a716bc8,d1a717032
q1a716bc8,d1a712532
q1a716bc8,d1a719184
q1a716bc8,d1a71ac1e
q1a716bc8,d1a71479c
q1a716bc8,d1a71b628
q1a716bc8,d1a715e30
q1a716bc8,d1a71f084
q1a73cc24,d1a73ccc4
q1a73cc24,d1a731c70
q1a73cc24,d1a73899e
q1a73cc24,d1a73bfc2
q1a73cc24,d1a735816
q1a73cc24,d1a736f40
q1a73cc24,d1a738d04
q1a73cc24,d1a738034
q1a73cc24,d1a73dc6e
q1a723152,d1a729b42
q1a723152,d1a7231d4
q1a723152,d1a723a30
q1a723152,d1a7218e8
q1a723152,d1a722c66
q1a723152,d1a72d184
q1a723152,d1a72f8c6
q1a723152,d1a723f4e
q1a723152,d1a72e1ec
q1a723152,d1a72c798
q1a71d7f2,d1a71d82e
q1a71d7f2,d1a713c66
q1a71d7f2,d1a71f084
q1a71d7f2,d1a7169c0
q1a71d7f2,d1a714a58
q1a71d7f2,d1a715e30
q1a71d7f2,d1a7155e8
q1a71d7f2,d1a717032
q1a71d7f2,d1a711c7c
q1a7288f0,d1a726af0
q1a7288f0,d1a7289ae
q1a7288f0,d1a723a30
q1a7288f0,d1a727b8a
q1a7288f0,d1a72e1ec
q1a7288f0,d1a722c66
q1a7288f0,d1a72bce4
q1a7288f0,d1a72d184
q1a7288f0,d1a72f8c6
q1a735032,d1a73ba68
q1a735032,d1a735078
q1a735032,d1a73f046
q1a735032,d1a7331d8
q1a735032,d1a73bfc2
q1a735032,d1a732ce2
q1a735032,d1a736f40
q1a735032,d1a731c70
q1a735032,d1a73a62c
q1a735032,d1a735816
q1a73ff6e,d1a73ffe6
q1a73ff6e,d1a7384c6
q1a73ff6e,d1a735816
q1a73ff6e,d1a73dc6e
q1a73ff6e,d1a7326f2
q1a73ff6e,d1a733a98
q1a73ff6e,d1a73fcc6
q1a73ff6e,d1a731a4a
q1a73ff6e,d1a7309a6
q1a72098e,d1a720a88
q1a72098e,d1a72ccde
q1a72098e,d1a721654
q1a72098e,d1a72e41c
q1a72098e,d1a7249da
q1a72098e,d1a72ed36
q1a72098e,d1a72083a
q1a72098e,d1a722202
q1a72098e,d1a728170
q1a71447c,d1a71456c
q1a71447c,d1a718a36
q1a71447c,d1a715854
q1a71447c,d1a717c44
q1a71447c,d1a711510
q1a71447c,d1a715e30
q1a71447c,d1a717032
q1a71447c,d1a716c9a
q1a72801c,d1a728170
q1a72801c,d1a7261ea
q1a72801c,d1a725f60
q1a72801c,d1a7270c2
q1a72801c,d1a72df58
q1a72801c,d1a72083a
q1a72801c,d1a72250e
q1a72801c,d1a72ccde
q1a72801c,d1a72d3f0
q1a711812,d1a715a70
q1a711812,d1a7118d0
q1a711812,d1a717032
q1a711812,d1a715854
q1a711812,d1a7155e8
q1a711812,d1a7174c4
q1a711812,d1a71da5e
q1a711812,d1a713c66
q1a711812,d1a71e79c
q1a711812,d1a71f2f0
q1a72faa6,d1a72fbe6
q1a72faa6,d1a722f4a
q1a72faa6,d1a7265a0
q1a72faa6,d1a72ed36
q1a72faa6,d1a72135c
q1a72faa6,d1a72d184
q1a72faa6,d1a7227c0
q1a72faa6,d1a724e76
q1a72faa6,d1a72e818
q1a740c20,d1a740c66
q1a740c20,d1a740248
q1a740c20,d1a74070c
q1a740c20,d1a7413dc
q1a740c20,d1a741bd4
q1a740c20,d1a741ec2
q1a740c20,d1a740464
q1a740c20,d1a740a0e
q1a740c20,d1a740f04
q1a740c20,d1a7411b6
q1a71631c,d1a71be0c
q1a71631c,d1a71ac1e
q1a71631c,d1a716452
q1a71631c,d1a71cca8
q1a71631c,d1a71d5a4
q1a71631c,d1a712ba4
q1a71631c,d1a7138d8
q1a71631c,d1a715e30
q1a71631c,d1a719490
q1a71631c,d1a717c44
q1a724fde,d1a7250b0
q1a724fde,d1a72b690
q1a724fde,d1a72083a
q1a724fde,d1a72f100
q1a724fde,d1a720a88
q1a724fde,d1a72e41c
q1a724fde,d1a72d3f0
q1a724fde,d1a721d34
q1a724fde,d1a7249da
q1a711272,d1a711510
q1a711272,d1a71a278
q1a711272,d1a715854
q1a711272,d1a71e79c
q1a711272,d1a716c9a
q1a711272,d1a71d82e
q1a711272,d1a71fc46
q1a711272,d1a713428
q1a711272,d1a715e30
q1a7393f8,d1a739434
q1a7393f8,d1a732ce2
q1a7393f8,d1a7369d2
q1a7393f8,d1a73744a
q1a7393f8,d1a738764
q1a7393f8,d1a73a08c
q1a7393f8,d1a736f40
q1a7393f8,d1a731ff4
q1a72f222,d1a725f60
q1a72f222,d1a72b046
q1a72f222,d1a72f362
q1a72f222,d1a72df58
q1a72f222,d1a728170
q1a72f222,d1a72ed36
q1a72f222,d1a7270c2
q1a72f222,d1a7255f6
q1a72f222,d1a72d184
q1a73ac6c,d1a73ad20
q1a73ac6c,d1a730c3a
q1a73ac6c,d1a738034
q1a73ac6c,d1a735816
q1a73ac6c,d1a731c70
q1a73ac6c,d1a73bfc2
q1a73ac6c,d1a73e024
q1a73ac6c,d1a732ce2
q1a73ac6c,d1a73ffe6
q1a73ac6c,d1a73b248
q1a73c77e,d1a73c7c4
q1a73c77e,d1a73fa6e
q1a73c77e,d1a731540
q1a73c77e,d1a73d426
q1a73c77e,d1a7309a6
q1a73c77e,d1a737d96
q1a73c77e,d1a734aec
q1a73c77e,d1a73e9d4
q1a73c77e,d1a73ee34
q1a711c04,d1a7161fa
q1a711c04,d1a71d82e
q1a711c04,d1a715e30
q1a711c04,d1a711c7c
q1a711c04,d1a717e60
q1a711c04,d1a716452
q1a711c04,d1a7155e8
q1a711c04,d1a719738
q1a711c04,d1a71f084
q1a711c04,d1a71b628
q1a732440,d1a7324d6
q1a732440,d1a735816
q1a732440,d1a736f40
q1a732440,d1a731306
q1a732440,d1a7384c6
q1a732440,d1a73f2c6
q1a732440,d1a7310a4
q1a732440,d1a73c530
q1a732440,d1a73ee34
q1a719896,d1a719972
q1a719896,d1a71e1e8
q1a719896,d1a71cfa0
q1a719896,d1a7161fa
q1a719896,d1a71b952
q1a719896,d1a715854
q1a719896,d1a71fa20
q1a719896,d1a715e30
q1a719896,d1a7138d8
q1a719012,d1a719184
q1a719012,d1a716c9a
q1a719012,d1a712532
q1a719012,d1a7169c0
q1a719012,d1a71b628
q1a719012,d1a71479c
q1a719012,d1a71f084
q1a719012,d1a715e30
q1a72c3a6,d1a72c40a
q1a72c3a6,d1a72740a
q1a72c3a6,d1a721fa0
q1a72c3a6,d1a721d34
q1a72c3a6,d1a720542
q1a72c3a6,d1a725f60
q1a72c3a6,d1a724e76
q1a72c3a6,d1a72a812
q1a72c3a6,d1a72df58
q1a72c3a6,d1a72d99a
q1a71bd12,d1a71be0c
q1a71bd12,d1a71cca8
q1a71bd12,d1a71fa20
q1a71bd12,d1a71d310
q1a71bd12,d1a718d56
q1a71bd12,d1a71b272
q1a71bd12,d1a7122a8
q1a71bd12,d1a717c44
q1a71bd12,d1a719184
q1a723094,d1a7231d4
q1a723094,d1a7250b0
q1a723094,d1a72e41c
q1a723094,d1a72740a
q1a723094,d1a72b690
q1a723094,d1a72f100
q1a723094,d1a720a88
q1a723094,d1a72aac4
q1a723094,d1a7249da
q1a723be8,d1a723c42
q1a723be8,d1a7289ae
q1a723be8,d1a726af0
q1a723be8,d1a7265a0
q1a723be8,d1a72d184
q1a723be8,d1a722202
q1a723be8,d1a727b8a
q1a723be8,d1a72c798
q1a723be8,d1a72ad94
q1a72b172,d1a72b258
q1a72b172,d1a7210fa
q1a72b172,d1a724bd8
q1a72b172,d1a726d7a
q1a72b172,d1a72a5d8
q1a72b172,d1a72991c
q1a72b172,d1a7265a0
q1a72b172,d1a72e818
q1a72b172,d1a725a2e
q1a71c960,d1a7177a8
q1a71c960,d1a71ca46
q1a71c960,d1a714cd8
q1a71c960,d1a7179c4
q1a71c960,d1a712532
q1a71c960,d1a71b272
q1a71c960,d1a7122a8
q1a71c960,d1a7161fa
q1a73bc8e,d1a73bd10
q1a73bc8e,d1a73c530
q1a73bc8e,d1a73652c
q1a73bc8e,d1a73b824
q1a73bc8e,d1a736f40
q1a73bc8e,d1a7331d8
q1a73bc8e,d1a735816
q1a73bc8e,d1a7384c6
q1a73bc8e,d1a73f046
q1a71e602,d1a71e79c
q1a71e602,d1a7179c4
q1a71e602,d1a718108
q1a71e602,d1a713428
q1a71e602,d1a714cd8
q1a71e602,d1a71fc46
q1a71e602,d1a7174c4
q1a71e602,d1a71dd10
q1a71e602,d1a71a278
q1a71598a,d1a715a70
q1a71598a,d1a717032
q1a71598a,d1a719490
q1a71598a,d1a71da5e
q1a71598a,d1a713c66
q1a71598a,d1a715854
q1a71598a,d1a7161fa
q1a71598a,d1a718d56
q1a71598a,d1a71a9bc
q1a7178d4,d1a7179c4
q1a7178d4,d1a71d82e
q1a7178d4,d1a71fc46
q1a7178d4,d1a7161fa
q1a7178d4,d1a71a278
q1a7178d4,d1a714cd8
q1a7178d4,d1a71e79c
q1a7178d4,d1a71f7d2
q1a7178d4,d1a71febc
q1a7178d4,d1a718108
q1a7279e6,d1a727b8a
q1a7279e6,d1a72f8c6
q1a7279e6,d1a723a30
q1a7279e6,d1a72e1ec
q1a7279e6,d1a722c66
q1a7279e6,d1a72bce4
q1a7279e6,d1a726870
q1a7279e6,d1a723f4e
q1a7279e6,d1a729e44
q1a72702c,d1a7270c2
q1a72702c,d1a72250e
q1a72702c,d1a72df58
q1a72702c,d1a728170
q1a72702c,d1a72c40a
q1a72702c,d1a72b046
q1a72702c,d1a725f60
q1a72702c,d1a7255f6
q1a72702c,d1a72d99a
q1a72702c,d1a72d184
q1a741ac6,d1a741bd4
q1a741ac6,d1a74070c
q1a741ac6,d1a740248
q1a741ac6,d1a740c66
q1a741ac6,d1a741756
q1a741ac6,d1a7413dc
q1a741ac6,d1a740464
q1a741ac6,d1a740a0e
q1a741ac6,d1a741ec2
q1a7258bc,d1a72c40a
q1a7258bc,d1a721654
q1a7258bc,d1a72740a
q1a7258bc,d1a7200d8
q1a7258bc,d1a72a5d8
q1a7258bc,d1a7249da
q1a7258bc,d1a72b046
q1a7258bc,d1a72fbe6
q1a7258bc,d1a720a88
q1a7258bc,d1a728170
q1a722496,d1a72250e
q1a722496,d1a7270c2
q1a722496,d1a72df58
q1a722496,d1a728170
q1a722496,d1a72d99a
q1a722496,d1a725f60
q1a722496,d1a7255f6
q1a722496,d1a7296ba
q1a722496,d1a72ba82
q1a726cda,d1a726d7a
q1a726cda,d1a72ff9c
q1a726cda,d1a724bd8
q1a726cda,d1a72e818
q1a726cda,d1a7283d2
q1a726cda,d1a7210fa
q1a726cda,d1a7290b6
q1a726cda,d1a72bce4
q1a726cda,d1a722c66
q1a717b0e,d1a717c44
q1a717b0e,d1a71d310
q1a717b0e,d1a71fa20
q1a717b0e,d1a719d6e
q1a717b0e,d1a715854
q1a717b0e,d1a7138d8
q1a717b0e,d1a71cfa0
q1a717b0e,d1a714a58
q1a717b0e,d1a7187f2
q1a73b734,d1a73b824
q1a73b734,d1a739e3e
q1a73b734,d1a73d19c
q1a73b734,d1a739b32
q1a73b734,d1a735816
q1a73b734,d1a732ce2
q1a73b734,d1a731306
q1a73b734,d1a73bfc2
q1a73b734,d1a738034
q1a739f60,d1a735816
q1a739f60,d1a73fa6e
q1a739f60,d1a73a08c
q1a739f60,d1a7326f2
q1a739f60,d1a7384c6
q1a739f60,d1a733a98
q1a739f60,d1a73f2c6
q1a739f60,d1a731ff4
q1a739f60,d1a73715c
q1a71e6e8,d1a71e79c
q1a71e6e8,d1a7179c4
q1a71e6e8,d1a71dd10
q1a71e6e8,d1a7161fa
q1a71e6e8,d1a714cd8
q1a71e6e8,d1a71f2f0
q1a71e6e8,d1a71b272
q1a71e6e8,d1a719184
q1a71e6e8,d1a717e60
q1a71e6e8,d1a718108
q1a73483a,d1a734894
q1a73483a,d1a738034
q1a73483a,d1a73f2c6
q1a73483a,d1a737b0c
q1a73483a,d1a73dc6e
q1a73483a,d1a73b248
q1a73483a,d1a736f40
q1a73483a,d1a734402
q1a73483a,d1a735816
q1a73483a,d1a73ca80
q1a71d964,d1a71da5e
q1a71d964,d1a7127d0
q1a71d964,d1a7118d0
q1a71d964,d1a717032
q1a71d964,d1a71bb78
q1a71d964,d1a717e60
q1a71d964,d1a7179c4
q1a71d964,d1a715e30
q1a71d964,d1a719184
q1a71a674,d1a71c082
q1a71a674,d1a71a764
q1a71a674,d1a715854
q1a71a674,d1a7166dc
q1a71a674,d1a718a36
q1a71a674,d1a711510
q1a71a674,d1a713428
q1a71a674,d1a7138d8
q1a71fb60,d1a71fc46
q1a71fb60,d1a7179c4
q1a71fb60,d1a7161fa
q1a71fb60,d1a71e79c
q1a71fb60,d1a712532
q1a71fb60,d1a711510
q1a71fb60,d1a71f084
q1a71fb60,d1a713428
q1a71fb60,d1a71c082
q1a734f74,d1a735078
q1a734f74,d1a7331d8
q1a734f74,d1a73f046
q1a734f74,d1a736f40
q1a734f74,d1a73ec0e
q1a734f74,d1a73b824
q1a734f74,d1a73f564
q1a734f74,d1a738d04
q1a716c22,d1a716c9a
q1a716c22,d1a719184
q1a716c22,d1a712532
q1a716c22,d1a7169c0
q1a716c22,d1a71479c
q1a716c22,d1a71ac1e
q1a716c22,d1a715e30
q1a716c22,d1a71b628
q1a716c22,d1a71f084
q1a73ed44,d1a73ee34
q1a73ed44,d1a731ff4
q1a73ed44,d1a735816
q1a73ed44,d1a733a98
q1a73ed44,d1a731748
q1a73ed44,d1a73dc6e
q1a73ed44,d1a73e024
q1a73ed44,d1a7384c6
q1a73ed44,d1a738034
q1a73ed44,d1a737b0c
q1a7347e0,d1a734894
q1a7347e0,d1a73f2c6
q1a7347e0,d1a738034
q1a7347e0,d1a7384c6
q1a7347e0,d1a734402
q1a7347e0,d1a73b248
q1a7347e0,d1a735816
q1a7347e0,d1a737b0c
q1a7347e0,d1a73e9d4
q1a7347e0,d1a73ca80
q1a71837e,d1a7183ce
q1a71837e,d1a711fd8
q1a71837e,d1a71ea1c
q1a71837e,d1a717032
q1a71837e,d1a7161fa
q1a71837e,d1a71f7d2
q1a71837e,d1a7155e8
q1a71837e,d1a719972
q1a724b4c,d1a724bd8
q1a724b4c,d1a725f60
q1a724b4c,d1a7265a0
q1a724b4c,d1a721fa0
q1a724b4c,d1a72ff9c
q1a724b4c,d1a72c798
q1a724b4c,d1a729e44
q1a724b4c,d1a720dee
q1a724b4c,d1a7237ce
q1a724b4c,d1a72d184
q1a726a28,d1a726af0
q1a726a28,d1a72f8c6
q1a726a28,d1a723a30
q1a726a28,d1a727b8a
q1a726a28,d1a729e44
q1a726a28,d1a725d26
q1a726a28,d1a721654
q1a726a28,d1a726870
q1a726a28,d1a72bf32
q1a726a28,d1a72e1ec
q1a7393a8,d1a739434
q1a7393a8,d1a732ce2
q1a7393a8,d1a7369d2
q1a7393a8,d1a73744a
q1a7393a8,d1a731306
q1a7393a8,d1a73a08c
q1a7393a8,d1a738764
q1a7393a8,d1a73f79e
q1a7393a8,d1a73bfc2
q1a72070e,d1a72083a
q1a72070e,d1a72ccde
q1a72070e,d1a7249da
q1a72070e,d1a72d3f0
q1a72070e,d1a720a88
q1a72070e,d1a7250b0
q1a72070e,d1a72f100
q1a72070e,d1a72e41c
q1a72070e,d1a72fbe6
q1a71b10a,d1a71b272
q1a71b10a,d1a7118d0
q1a71b10a,d1a71f2f0
q1a71b10a,d1a71f534
q1a71b10a,d1a71a278
q1a71b10a,d1a717032
q1a71b10a,d1a71ca46
q1a71b10a,d1a7174c4
q1a71b10a,d1a713c66
q1a723ef4,d1a723f4e
q1a723ef4,d1a72c19e
q1a723ef4,d1a72aac4
q1a723ef4,d1a721d34
q1a723ef4,d1a720542
q1a723ef4,d1a7253e4
q1a723ef4,d1a724e76
q1a723ef4,d1a72cac2
q1a723ef4,d1a722c66
q1a725010,d1a7250b0
q1a725010,d1a72e41c
q1a725010,d1a72f100
q1a725010,d1a728170
q1a725010,d1a720a88
q1a725010,d1a7296ba
q1a725010,d1a7255f6
q1a725010,d1a72fbe6
q1a725010,d1a72b690
q1a7325da,d1a7326f2
q1a7325da,d1a73d426
q1a7325da,d1a731a4a
q1a7325da,d1a73a08c
q1a7325da,d1a739434
q1a7325da,d1a73715c
q1a7325da,d1a737d96
q1a7325da,d1a733a98
q1a7325da,d1a731ff4
q1a719c4c,d1a719d6e
q1a719c4c,d1a71f7d2
q1a719c4c,d1a71e1e8
q1a719c4c,d1a71b952
q1a719c4c,d1a71cfa0
q1a719c4c,d1a719972
q1a719c4c,d1a711fd8
q1a719c4c,d1a7138d8
q1a719c4c,d1a717c44
q1a725290,d1a7253e4
q1a725290,d1a72ccde
q1a725290,d1a7249da
q1a725290,d1a72083a
q1a725290,d1a72bf32
q1a725290,d1a72b690
q1a725290,d1a720a88
q1a725290,d1a72c798
q1a725290,d1a72ed36
q1a73030c,d1a7303b6
q1a73030c,d1a73bd10
q1a73030c,d1a732ce2
q1a73030c,d1a731306
q1a73030c,d1a734e2a
q1a73030c,d1a7369d2
q1a73030c,d1a73bfc2
q1a73030c,d1a7334da
q1a73030c,d1a7367c0
q1a711eac,d1a711fd8
q1a711eac,d1a7183ce
q1a711eac,d1a71ea1c
q1a711eac,d1a7161fa
q1a711eac,d1a71f7d2
q1a711eac,d1a71cfa0
q1a711eac,d1a714a58
q1a711eac,d1a718108
q1a711eac,d1a7155e8
q1a73c698,d1a73c7c4
q1a73c698,d1a7309a6
q1a73c698,d1a73fa6e
q1a73c698,d1a735816
q1a73c698,d1a73d426
q1a73c698,d1a7326f2
q1a73c698,d1a731ff4
q1a73c698,d1a73f2c6
q1a73c698,d1a73b248
q1a72db02,d1a72dc10
q1a72db02,d1a724e76
q1a72db02,d1a72e818
q1a72db02,d1a7227c0
q1a72db02,d1a72fbe6
q1a72db02,d1a72135c
q1a72db02,d1a72c798
q1a72db02,d1a72d184
q1a72db02,d1a7255f6
q1a7251fa,d1a7250b0
q1a7251fa,d1a72ba82
q1a7251fa,d1a726870
q1a7251fa,d1a72ccde
q1a7251fa,d1a72fbe6
q1a7251fa,d1a724228
q1a7251fa,d1a72ad94
q1a7251fa,d1a72bf32
q1a7251fa,d1a7296ba
q1a7251fa,d1a7261ea
q1a717686,d1a7177a8
q1a717686,d1a71d82e
q1a717686,d1a7161fa
q1a717686,d1a714cd8
q1a717686,d1a71dd10
q1a717686,d1a71f2f0
q1a717686,d1a718108
q1a717686,d1a71ca46
q1a717686,d1a71f534
q1a713752,d1a7138d8
q1a713752,d1a71d310
q1a713752,d1a715854
q1a713752,d1a71fa20
q1a713752,d1a711fd8
q1a713752,d1a71cfa0
q1a713752,d1a717c44
q1a713752,d1a71ac1e
q1a713752,d1a7183ce
q1a713752,d1a71cca8
q1a71dbda,d1a71dd10
q1a71dbda,d1a71e79c
q1a71dbda,d1a714cd8
q1a71dbda,d1a7179c4
q1a71dbda,d1a7161fa
q1a71dbda,d1a71b272
q1a71dbda,d1a71ca46
q1a71dbda,d1a71c082
q1a71dbda,d1a71f7d2
q1a71dbda,d1a718108
q1a7193d2,d1a719490
q1a7193d2,d1a71da5e
q1a7193d2,d1a71be0c
q1a7193d2,d1a7122a8
q1a7193d2,d1a71cfa0
q1a7193d2,d1a7161fa
q1a7193d2,d1a717032
q1a7193d2,d1a718108
q1a7193d2,d1a71cca8
q1a73bf36,d1a73bfc2
q1a73bf36,d1a7334da
q1a73bf36,d1a731540
q1a73bf36,d1a738d04
q1a73bf36,d1a736f40
q1a73bf36,d1a73c530
q1a73bf36,d1a735816
q1a73bf36,d1a7310a4
q1a7339ee,d1a733a98
q1a7339ee,d1a73e402
q1a7339ee,d1a73fa6e
q1a7339ee,d1a73715c
q1a7339ee,d1a7326f2
q1a7339ee,d1a73a08c
q1a7339ee,d1a731ff4
q1a7339ee,d1a73d426
q1a7339ee,d1a739434
q1a7339ee,d1a734aec
q1a728e04,d1a728e36
q1a728e04,d1a722c66
q1a728e04,d1a72bce4
q1a728e04,d1a72ad94
q1a728e04,d1a727b8a
q1a728e04,d1a7218e8
q1a728e04,d1a723a30
q1a728e04,d1a72bf32
q1a727d1a,d1a727e1e
q1a727d1a,d1a722c66
q1a727d1a,d1a727b8a
q1a727d1a,d1a72f8c6
q1a727d1a,d1a72bce4
q1a727d1a,d1a723a30
q1a727d1a,d1a726af0
q1a727d1a,d1a721654
q1a727d1a,d1a72e1ec
q1a7301c2,d1a7303b6
q1a7301c2,d1a738764
q1a7301c2,d1a732ce2
q1a7301c2,d1a730672
q1a7301c2,d1a73652c
q1a7301c2,d1a73f046
q1a7301c2,d1a7369d2
q1a7301c2,d1a73ad20
q1a7301c2,d1a73899e
q1a72f290,d1a72f362
q1a72f290,d1a72135c
q1a72f290,d1a7253e4
q1a72f290,d1a7227c0
q1a72f290,d1a72cf18
q1a72f290,d1a72ba82
q1a72f290,d1a720a88
q1a72f290,d1a72d99a
q1a72f290,d1a728170
q1a72d2ce,d1a72d3f0
q1a72d2ce,d1a72f100
q1a72d2ce,d1a7249da
q1a72d2ce,d1a72b690
q1a72d2ce,d1a7250b0
q1a72d2ce,d1a720a88
q1a72d2ce,d1a72e41c
q1a72d2ce,d1a72ccde
q1a72d2ce,d1a7231d4
q1a733728,d1a7337aa
q1a733728,d1a739e3e
q1a733728,d1a739632
q1a733728,d1a731748
q1a733728,d1a73ccc4
q1a733728,d1a737d96
q1a733728,d1a738034
q1a733728,d1a73920e
q1a733728,d1a735816
q1a73af6e,d1a73afdc
q1a73af6e,d1a7334da
q1a73af6e,d1a738fb6
q1a73af6e,d1a73bfc2
q1a73af6e,d1a734e2a
q1a73af6e,d1a7310a4
q1a73af6e,d1a738d04
q1a73af6e,d1a73f564
q1a73af6e,d1a738034
q1a72597a,d1a725a2e
q1a72597a,d1a723c42
q1a72597a,d1a7265a0
q1a72597a,d1a72c798
q1a72597a,d1a729b42
q1a72597a,d1a72083a
q1a72597a,d1a720dee
q1a72597a,d1a72f100
q1a72597a,d1a72ccde
