query_id,corpus_id,score
qd2ac917a,dd2acce74,0.6914979219436646
qd2ac917a,dd2acd630,0.5524678826332092
qd2ac917a,dd2ac8f0e,0.10703565925359726
qd2ac917a,dd2ac3734,0.05589020997285843
qd2ac917a,dd2ac5bec,0.0519464835524559
qd2ac917a,dd2b17af0,0.04652104154229164
qd2ac917a,dd2ac4e7c,0.04438593238592148
qd2ac917a,dd2b137de,0.039717067033052444
qd2ac917a,dd2abc54c,0.03927252069115639
qd2ac917a,dd2abf562,0.03878902643918991
qd2aeff00,dd2af0432,0.8069899678230286
qd2aeff00,dd2ac3734,0.0593247152864933
qd2aeff00,dd2ae98d0,0.05160129442811012
qd2aeff00,dd2ac43f0,0.05148671194911003
qd2aeff00,dd2ad469c,0.0513153001666069
qd2aeff00,dd2ac410c,0.04354856535792351
qd2aeff00,dd2ac23fc,0.04168414697051048
qd2aeff00,dd2abbe8a,0.04154394194483757
qd2aeff00,dd2ac5228,0.041126009076833725
qd2aeff00,dd2ad12e4,0.03989622741937637
qd2acfe6c,dd2acffb6,0.6166824698448181
qd2acfe6c,dd2acf0f2,0.5433242917060852
qd2acfe6c,dd2ace5a8,0.5251015424728394
qd2acfe6c,dd2acf692,0.4942147135734558
qd2acfe6c,dd2acf638,0.3973308205604553
qd2acfe6c,dd2acf912,0.3273354172706604
qd2acfe6c,dd2acf5c0,0.3062577545642853
qd2acfe6c,dd2acfb9c,0.1650678515434265
qd2acfe6c,dd2aced14,0.1007637232542038
qd2acfe6c,dd2ac410c,0.06541964411735535
qd2ad28d8,dd2ad29c8,0.4520284831523895
qd2ad28d8,dd2ac43f0,0.12794677913188934
qd2ad28d8,dd2abbe8a,0.08504600822925568
qd2ad28d8,dd2ad469c,0.08315052837133408
qd2ad28d8,dd2af0432,0.08279386162757874
qd2ad28d8,dd2ac23fc,0.08007662743330002
qd2ad28d8,dd2ac410c,0.06985215842723846
qd2ad28d8,dd2ae98d0,0.06657539308071136
qd2ad28d8,dd2af9b04,0.06104803830385208
qd2ad28d8,dd2ac3a86,0.06084682419896126
qd2ac61e6,dd2ac62ae,0.860802948474884
qd2ac61e6,dd2ac5bec,0.47431522607803345
qd2ac61e6,dd2ac6718,0.4169158935546875
qd2ac61e6,dd2ac5eb2,0.20154628157615662
qd2ac61e6,dd2aef640,0.16701510548591614
qd2ac61e6,dd2ac8626,0.16130731999874115
qd2ac61e6,dd2ac8aea,0.15521956980228424
qd2ac61e6,dd2acd630,0.08541147410869598
qd2ac61e6,dd2ad12e4,0.07529205083847046
qd2ac61e6,dd2b02da8,0.07464193552732468
qd2acf836,dd2acf912,0.45769476890563965
qd2acf836,dd2acdc52,0.27094942331314087
qd2acf836,dd2acffb6,0.21378764510154724
qd2acf836,dd2ace5a8,0.19859245419502258
qd2acf836,dd2acf0f2,0.14999175071716309
qd2acf836,dd2acf5c0,0.13038527965545654
qd2acf836,dd2acf692,0.12906230986118317
qd2acf836,dd2acf638,0.11253203451633453
qd2acf836,dd2acfb9c,0.10520155727863312
qd2acf836,dd2aced14,0.061927154660224915
qd2abf012,dd2abfb48,0.6402091383934021
qd2abf012,dd2abfada,0.6339775323867798
qd2abf012,dd2ac3a86,0.6307082176208496
qd2abf012,dd2abf0b2,0.6285220384597778
qd2abf012,dd2abf562,0.5430335402488708
qd2abf012,dd2ac410c,0.40995341539382935
qd2abf012,dd2abf4f4,0.37607356905937195
qd2abf012,dd2ac43f0,0.2285699099302292
qd2abf012,dd2ac5bec,0.1374516636133194
qd2abf012,dd2ac1664,0.12123791128396988
qd2abbd7c,dd2abbef8,0.5874940752983093
qd2abbd7c,dd2abc27c,0.5391051173210144
qd2abbd7c,dd2abc54c,0.5351718664169312
qd2abbd7c,dd2abbe8a,0.49289658665657043
qd2abbd7c,dd2abbe1c,0.44030138850212097
qd2abbd7c,dd2abc858,0.22033444046974182
qd2abbd7c,dd2abca56,0.2143544703722
qd2abbd7c,dd2abb3e0,0.10247544199228287
qd2abbd7c,dd2abccf4,0.09010118246078491
qd2abbd7c,dd2abb8b8,0.08791575580835342
qd2adb780,dd2adb5be,0.9469168186187744
qd2adb780,dd2adb8d4,0.9451215863227844
qd2adb780,dd2adc054,0.7425155639648438
qd2adb780,dd2ad8c38,0.24326065182685852
qd2adb780,dd2ad9520,0.22533176839351654
qd2adb780,dd2ada466,0.16442282497882843
qd2adb780,dd2ada3da,0.14857789874076843
qd2adb780,dd2adae02,0.14454714953899384
qd2adb780,dd2adb2c6,0.11130901426076889
qd2adb780,dd2ad4ed0,0.10895474255084991
qd2ade0e8,dd2ade412,0.7445268034934998
qd2ade0e8,dd2ade386,0.7420672178268433
qd2ade0e8,dd2ade854,0.30756646394729614
qd2ade0e8,dd2aded90,0.2202589511871338
qd2ade0e8,dd2acffb6,0.11107739061117172
qd2ade0e8,dd2acf0f2,0.10002287477254868
qd2ade0e8,dd2ac23fc,0.0840483009815216
qd2ade0e8,dd2ace5a8,0.08341893553733826
qd2ade0e8,dd2ae98d0,0.06592296808958054
qd2ade0e8,dd2acd630,0.06592296808958054
qd2adc6da,dd2adcc02,0.24741007387638092
qd2adc6da,dd2adc82e,0.21534286439418793
qd2adc6da,dd2adc4fa,0.16725976765155792
qd2adc6da,dd2ada3da,0.08368813991546631
qd2adc6da,dd2ada466,0.07652506977319717
qd2adc6da,dd2add242,0.0607130341231823
qd2adc6da,dd2ac43f0,0.05713987350463867
qd2adc6da,dd2ad469c,0.056200191378593445
qd2adc6da,dd2add62a,0.05352699011564255
qd2adc6da,dd2ad9520,0.05281901732087135
qd2ae6158,dd2ae654a,0.463226318359375
qd2ae6158,dd2ae4f06,0.2322060763835907
qd2ae6158,dd2ae6e5a,0.22748687863349915
qd2ae6158,dd2ae7076,0.2023962438106537
qd2ae6158,dd2ae5e24,0.18603624403476715
qd2ae6158,dd2ae790e,0.13218960165977478
qd2ae6158,dd2ae3dfe,0.11987122893333435
qd2ae6158,dd2ae3eda,0.09819187223911285
qd2ae6158,dd2ae717a,0.0970563143491745
qd2ae6158,dd2ae0e2e,0.08111865818500519
qd2ae56fe,dd2ae6e5a,0.5611432790756226
qd2ae56fe,dd2ae5e24,0.5565207004547119
qd2ae56fe,dd2ae654a,0.3434303402900696
qd2ae56fe,dd2ae7076,0.31462985277175903
qd2ae56fe,dd2ae717a,0.2800824046134949
qd2ae56fe,dd2ae4f06,0.14145950973033905
qd2ae56fe,dd2af2336,0.10269120335578918
qd2ae56fe,dd2ae3eda,0.08962196111679077
qd2ae56fe,dd2ae790e,0.0864238291978836
qd2ae56fe,dd2ae3dfe,0.08577835559844971
qd2addac6,dd2addca6,0.6504011750221252
qd2addac6,dd2addc24,0.34362855553627014
qd2addac6,dd2ad0b46,0.05080427601933479
qd2addac6,dd2ad1262,0.04757177457213402
qd2addac6,dd2ad12e4,0.047465696930885315
qd2addac6,dd2ad05a6,0.04282224178314209
qd2addac6,dd2ad061e,0.040849629789590836
qd2addac6,dd2ac8f0e,0.03874535858631134
qd2addac6,dd2abf4f4,0.03520125523209572
qd2addac6,dd2af41e0,0.03468751534819603
qd2af58c4,dd2af5afe,0.9469168186187744
qd2af58c4,dd2af679c,0.9356824159622192
qd2af58c4,dd2af6f08,0.18453261256217957
qd2af58c4,dd2af18f0,0.15491248667240143
qd2af58c4,dd2af432a,0.13772976398468018
qd2af58c4,dd2af41e0,0.11537159979343414
qd2af58c4,dd2af541e,0.11394409090280533
qd2af58c4,dd2af0c8e,0.1081044003367424
qd2af58c4,dd2af3272,0.0944187343120575
qd2af58c4,dd2af2336,0.07023382186889648
qd2ac8e0a,dd2ac8f0e,0.7023876905441284
qd2ac8e0a,dd2acd630,0.1258048117160797
qd2ac8e0a,dd2acce74,0.1117735430598259
qd2ac8e0a,dd2abffc6,0.04940993711352348
qd2ac8e0a,dd2b0b110,0.04720147326588631
qd2ac8e0a,dd2ac23fc,0.043159738183021545
qd2ac8e0a,dd2ad469c,0.04277423769235611
qd2ac8e0a,dd2ad2676,0.04263051971793175
qd2ac8e0a,dd2ad061e,0.0425349697470665
qd2ac8e0a,dd2ae98d0,0.04191884025931358
qd2b05f08,dd2b03604,0.8396422266960144
qd2b05f08,dd2b02da8,0.703122079372406
qd2b05f08,dd2b05170,0.3581066429615021
qd2b05f08,dd2b01854,0.28406476974487305
qd2b05f08,dd2b059ae,0.2718600630760193
qd2b05f08,dd2adc054,0.07256453484296799
qd2b05f08,dd2ad692e,0.06393101066350937
qd2b05f08,dd2ac1c4a,0.047944821417331696
qd2b05f08,dd2ac62ae,0.04699111357331276
qd2b05f08,dd2ad9520,0.046677228063344955
qd2adca40,dd2adcc02,0.22712668776512146
qd2adca40,dd2adc4fa,0.13259340822696686
qd2adca40,dd2adc82e,0.1263212412595749
qd2adca40,dd2add62a,0.11772441864013672
qd2adca40,dd2add242,0.1165730282664299
qd2adca40,dd2ac8f0e,0.07038701325654984
qd2adca40,dd2adc054,0.06084682419896126
qd2adca40,dd2ac43f0,0.05906366929411888
qd2adca40,dd2acf912,0.056138068437576294
qd2adca40,dd2adb2c6,0.05509175360202789
qd2af2e3a,dd2af432a,0.7736445665359497
qd2af2e3a,dd2af41e0,0.7006700038909912
qd2af2e3a,dd2af3272,0.5359006524085999
qd2af2e3a,dd2af2336,0.43424591422080994
qd2af2e3a,dd2af18f0,0.3286915421485901
qd2af2e3a,dd2af293a,0.3144088089466095
qd2af2e3a,dd2af0c8e,0.19178172945976257
qd2af2e3a,dd2ac5bec,0.09975945204496384
qd2af2e3a,dd2ac1664,0.08810389041900635
qd2af2e3a,dd2ad1262,0.08754060417413712
qd2af4a50,dd2af432a,0.7992076873779297
qd2af4a50,dd2af41e0,0.765120267868042
qd2af4a50,dd2af18f0,0.5755169987678528
qd2af4a50,dd2af2336,0.3901975154876709
qd2af4a50,dd2af293a,0.27015623450279236
qd2af4a50,dd2af0c8e,0.256646066904068
qd2af4a50,dd2ad12e4,0.22466763854026794
qd2af4a50,dd2ad1262,0.22088855504989624
qd2af4a50,dd2af6f08,0.14238712191581726
qd2af4a50,dd2af3272,0.13731278479099274
qd2b12b72,dd2b0b110,0.6366925835609436
qd2b12b72,dd2b13658,0.6235837340354919
qd2b12b72,dd2b137de,0.47110214829444885
qd2b12b72,dd2b1453a,0.29173746705055237
qd2b12b72,dd2ac3734,0.09174782037734985
qd2b12b72,dd2b08d20,0.08468196541070938
qd2b12b72,dd2b08bc2,0.078282430768013
qd2b12b72,dd2ac43f0,0.07760864496231079
qd2b12b72,dd2ac410c,0.0710802674293518
qd2b12b72,dd2ac3a86,0.06834463030099869
qd2abe6b2,dd2abe752,0.6591424345970154
qd2abe6b2,dd2abe7ca,0.6047030091285706
qd2abe6b2,dd2abedc4,0.16750475764274597
qd2abe6b2,dd2abea5e,0.11962417513132095
qd2abe6b2,dd2abe20c,0.11165726184844971
qd2abe6b2,dd2abde92,0.1061985045671463
qd2abe6b2,dd2abdf28,0.09685109555721283
qd2abe6b2,dd2ac8f0e,0.06302537024021149
qd2abe6b2,dd2ae98d0,0.05080427601933479
qd2abe6b2,dd2ac23fc,0.04340235888957977
qd2adba1e,dd2adb8d4,0.9407082796096802
qd2adba1e,dd2adb5be,0.9400511980056763
qd2adba1e,dd2adc054,0.6047030091285706
qd2adba1e,dd2ada3da,0.19891902804374695
qd2adba1e,dd2ada466,0.15376535058021545
qd2adba1e,dd2ad9520,0.1492462456226349
qd2adba1e,dd2ad8c38,0.14210115373134613
qd2adba1e,dd2adae02,0.11241506040096283
qd2adba1e,dd2adb2c6,0.0878218337893486
qd2adba1e,dd2afdaa6,0.06613978743553162
qd2adc342,dd2adc4fa,0.8943567872047424
qd2adc342,dd2adc82e,0.5072510242462158
qd2adc342,dd2add242,0.22548523545265198
qd2adc342,dd2ad9520,0.19046825170516968
qd2adc342,dd2adcc02,0.16075320541858673
qd2adc342,dd2af2336,0.08895491808652878
qd2adc342,dd2ac3734,0.07956020534038544
qd2adc342,dd2ac3a86,0.07359647750854492
qd2adc342,dd2add62a,0.06613978743553162
qd2adc342,dd2ac43f0,0.06145232543349266
qd2ac019c,dd2abffc6,0.7509369850158691
qd2ac019c,dd2abff58,0.7276857495307922
qd2ac019c,dd2ac04a8,0.23688720166683197
qd2ac019c,dd2b137de,0.12205177545547485
qd2ac019c,dd2ac3734,0.07602965831756592
qd2ac019c,dd2ac23fc,0.07359647750854492
qd2ac019c,dd2ac5bec,0.06337226927280426
qd2ac019c,dd2abea5e,0.05657430365681648
qd2ac019c,dd2afe78a,0.05521389842033386
qd2ac019c,dd2adb2c6,0.054666291922330856
qd2ac297e,dd2ac2a28,0.8190991878509521
qd2ac297e,dd2ac285c,0.7904174327850342
qd2ac297e,dd2ac2dac,0.6271529197692871
qd2ac297e,dd2ac23fc,0.5852202773094177
qd2ac297e,dd2ac32b6,0.5345888137817383
qd2ac297e,dd2ac30ea,0.5280229449272156
qd2ac297e,dd2ac262c,0.2723369598388672
qd2ac297e,dd2ac20d2,0.12217739224433899
qd2ac297e,dd2b137de,0.10421285778284073
qd2ac297e,dd2abf562,0.07887636125087738
qd2b0876c,dd2b08d20,0.8008948564529419
qd2b0876c,dd2b0b110,0.32290002703666687
qd2b0876c,dd2b08bc2,0.32203590869903564
qd2b0876c,dd2b13658,0.29481908679008484
qd2b0876c,dd2b1453a,0.17647314071655273
qd2b0876c,dd2b137de,0.11681460589170456
qd2b0876c,dd2b07a56,0.05971831455826759
qd2b0876c,dd2ac43f0,0.054063841700553894
qd2b0876c,dd2ac8aea,0.05154396593570709
qd2b0876c,dd2ac3734,0.04579870030283928
qd2abb228,dd2abb3e0,0.7272210717201233
qd2abb228,dd2abb8b8,0.4578401744365692
qd2abb228,dd2abca56,0.20405660569667816
qd2abb228,dd2abbe1c,0.17401722073554993
qd2abb228,dd2abc858,0.17183835804462433
qd2abb228,dd2abbef8,0.16758647561073303
qd2abb228,dd2abbe8a,0.1462947428226471
qd2abb228,dd2abccf4,0.09087272733449936
qd2abb228,dd2abc27c,0.0739167183637619
qd2abb228,dd2abc54c,0.07146812230348587
qd2ad86c0,dd2ad88d2,0.5957047939300537
qd2ad86c0,dd2ad8850,0.5515984892845154
qd2ad86c0,dd2ad7824,0.07327752560377121
qd2ad86c0,dd2ad7e46,0.06606742739677429
qd2ad86c0,dd2ad741e,0.06606742739677429
qd2ad86c0,dd2ad7388,0.06077989563345909
qd2ad86c0,dd2ad1262,0.05841574817895889
qd2ad86c0,dd2ae4f06,0.05626237764954567
qd2ad86c0,dd2ac410c,0.05252664536237717
qd2ad86c0,dd2ad662c,0.05080427601933479
qd2acde96,dd2acffb6,0.750059187412262
qd2acde96,dd2ace5a8,0.7422914505004883
qd2acde96,dd2acf0f2,0.6962274312973022
qd2acde96,dd2acf692,0.5717911124229431
qd2acde96,dd2acf638,0.48103997111320496
qd2acde96,dd2acf5c0,0.43036335706710815
qd2acde96,dd2acf912,0.2634671628475189
qd2acde96,dd2acfb9c,0.23322616517543793
qd2acde96,dd2aced14,0.09322316199541092
qd2acde96,dd2aded90,0.052584994584321976
qd2ad110e,dd2ad12e4,0.735964834690094
qd2ad110e,dd2ad1262,0.6944897174835205
qd2ad110e,dd2ad0b46,0.13807807862758636
qd2ad110e,dd2af41e0,0.08623896539211273
qd2ad110e,dd2ae4f06,0.07836702466011047
qd2ad110e,dd2ad05a6,0.07811347395181656
qd2ad110e,dd2ad662c,0.07456103712320328
qd2ad110e,dd2ad061e,0.060313306748867035
qd2ad110e,dd2af432a,0.055520351976156235
qd2ad110e,dd2ad8850,0.04886242002248764
qd2abc7c2,dd2abca56,0.8872928023338318
qd2abc7c2,dd2abc858,0.8665964007377625
qd2abc7c2,dd2abccf4,0.5755169987678528
qd2abc7c2,dd2abbe8a,0.2399458885192871
qd2abc7c2,dd2abbef8,0.23435448110103607
qd2abc7c2,dd2abc54c,0.20904992520809174
qd2abc7c2,dd2abbe1c,0.18599188327789307
qd2abc7c2,dd2ae98d0,0.1511157602071762
qd2abc7c2,dd2abc27c,0.14961861073970795
qd2abc7c2,dd2abb8b8,0.12318643927574158
qd2acf4d0,dd2ace5a8,0.395158052444458
qd2acf4d0,dd2acffb6,0.3872041702270508
qd2acf4d0,dd2acf0f2,0.35380819439888
qd2acf4d0,dd2acfb9c,0.3358086049556732
qd2acf4d0,dd2acf692,0.2897890508174896
qd2acf4d0,dd2acf638,0.26355600357055664
qd2acf4d0,dd2acf5c0,0.21973112225532532
qd2acf4d0,dd2acf912,0.19101093709468842
qd2acf4d0,dd2aced14,0.13065126538276672
qd2acf4d0,dd2acdc52,0.05758342146873474
qd2b0536e,dd2b02da8,0.514132559299469
qd2b0536e,dd2b059ae,0.31396690011024475
qd2b0536e,dd2b01854,0.27997905015945435
qd2b0536e,dd2b03604,0.2592114806175232
qd2b0536e,dd2b05170,0.21036085486412048
qd2b0536e,dd2ac62ae,0.051372379064559937
qd2b0536e,dd2ad692e,0.046055443584918976
qd2b0536e,dd2ac5bec,0.03468751534819603
qd2b0536e,dd2ae98d0,0.03364350646734238
qd2b0536e,dd2abc858,0.02869896963238716
qd2abed24,dd2abedc4,0.5689194202423096
qd2abed24,dd2abea5e,0.34250608086586
qd2abed24,dd2abe7ca,0.16321887075901031
qd2abed24,dd2abdf28,0.08726020157337189
qd2abed24,dd2abde92,0.08504600822925568
qd2abed24,dd2abe752,0.08413855731487274
qd2abed24,dd2abe20c,0.06977604329586029
qd2abed24,dd2ae98d0,0.0398065485060215
qd2abed24,dd2ac23fc,0.03414233773946762
qd2abed24,dd2ad469c,0.03262986242771149
qd2abb7e6,dd2abb3e0,0.6979595422744751
qd2abb7e6,dd2abb8b8,0.6952350735664368
qd2abb7e6,dd2abc858,0.2192041575908661
qd2abb7e6,dd2abbe8a,0.19064901769161224
qd2abb7e6,dd2abbef8,0.15784983336925507
qd2abb7e6,dd2abca56,0.15014120936393738
qd2abb7e6,dd2abbe1c,0.12161294370889664
qd2abb7e6,dd2aed41c,0.10748451203107834
qd2abb7e6,dd2acdc52,0.09552670270204544
qd2abb7e6,dd2af9b04,0.0931241512298584
qd2ae689c,dd2ae717a,0.5495686531066895
qd2ae689c,dd2ae5e24,0.5069581270217896
qd2ae689c,dd2ae6e5a,0.34893399477005005
qd2ae689c,dd2ae654a,0.316908597946167
qd2ae689c,dd2ae7076,0.296603798866272
qd2ae689c,dd2ae4f06,0.144257590174675
qd2ae689c,dd2ae790e,0.11090394109487534
qd2ae689c,dd2af2336,0.09777757525444031
qd2ae689c,dd2ae3dfe,0.08614665269851685
qd2ae689c,dd2ae3eda,0.08422890305519104
qd2ad7216,dd2ad741e,0.7288452386856079
qd2ad7216,dd2ad7388,0.553626537322998
qd2ad7216,dd2ad7824,0.32178011536598206
qd2ad7216,dd2ad7e46,0.2845863997936249
qd2ad7216,dd2ad88d2,0.16918644309043884
qd2ad7216,dd2ad8850,0.13118460774421692
qd2ad7216,dd2addca6,0.08857578039169312
qd2ad7216,dd2addc24,0.0840483009815216
qd2ad7216,dd2ad12e4,0.07752479612827301
qd2ad7216,dd2ad0b46,0.06856880336999893
qd2ada61e,dd2adb8d4,0.8822759985923767
qd2ada61e,dd2adb5be,0.8788250088691711
qd2ada61e,dd2adc054,0.6044228076934814
qd2ada61e,dd2adae02,0.5812323689460754
qd2ada61e,dd2ad8c38,0.1789131760597229
qd2ada61e,dd2adb2c6,0.1596495807170868
qd2ada61e,dd2ada3da,0.15784983336925507
qd2ada61e,dd2ad9520,0.1490975171327591
qd2ada61e,dd2ada466,0.13381114602088928
qd2ada61e,dd2af6f08,0.06077989563345909
qd2ad76bc,dd2ad7824,0.6745014190673828
qd2ad76bc,dd2ad7e46,0.5290449857711792
qd2ad76bc,dd2ad741e,0.14688116312026978
qd2ad76bc,dd2ad88d2,0.13884693384170532
qd2ad76bc,dd2ad8850,0.12893064320087433
qd2ad76bc,dd2ad7388,0.09991743415594101
qd2ad76bc,dd2ad1a32,0.07956020534038544
qd2ad76bc,dd2ac8f0e,0.07862130552530289
qd2ad76bc,dd2af9b04,0.07295985519886017
qd2ad76bc,dd2ad12e4,0.07092566043138504
qd2ac15c4,dd2ac0dd6,0.5689194202423096
qd2ac15c4,dd2ac1664,0.3966294825077057
qd2ac15c4,dd2ac147a,0.38138139247894287
qd2ac15c4,dd2ac1222,0.3714791238307953
qd2ac15c4,dd2ac1056,0.31554660201072693
qd2ac15c4,dd2ac1a1a,0.2380542755126953
qd2ac15c4,dd2ac1c4a,0.16130731999874115
qd2ac15c4,dd2ac07e6,0.10975367575883865
qd2ac15c4,dd2ac0a84,0.09461931139230728
qd2ac15c4,dd2ac62ae,0.057266272604465485
qd2ac3676,dd2ac43f0,0.6238588094711304
qd2ac3676,dd2ac3734,0.6224828362464905
qd2ac3676,dd2ac3a86,0.48469775915145874
qd2ac3676,dd2ac410c,0.44087904691696167
qd2ac3676,dd2ac34fa,0.21521912515163422
qd2ac3676,dd2ac45e4,0.18786202371120453
qd2ac3676,dd2abfb48,0.14469213783740997
qd2ac3676,dd2abfada,0.12305990606546402
qd2ac3676,dd2abf562,0.10525671392679214
qd2ac3676,dd2abf0b2,0.09263049811124802
qd2add4d6,dd2add62a,0.9689063429832458
qd2add4d6,dd2adcc02,0.06797248125076294
qd2add4d6,dd2add242,0.05764705687761307
qd2add4d6,dd2adc82e,0.054787527769804
qd2add4d6,dd2ae790e,0.046313557773828506
qd2add4d6,dd2ac6718,0.04488565772771835
qd2add4d6,dd2adc054,0.04453529417514801
qd2add4d6,dd2ac62ae,0.04248727113008499
qd2add4d6,dd2abca56,0.04075789079070091
qd2add4d6,dd2aef640,0.03887651115655899
qd2ad44a8,dd2ad4624,0.7147281169891357
qd2ad44a8,dd2ad469c,0.5062258839607239
qd2ad44a8,dd2ad4ed0,0.2731214463710785
qd2ad44a8,dd2ad4e6c,0.20429463684558868
qd2ad44a8,dd2ad4dfe,0.16091136634349823
qd2ad44a8,dd2ad662c,0.15491248667240143
qd2ad44a8,dd2ad9520,0.12683948874473572
qd2ad44a8,dd2ad3fd0,0.109296515583992
qd2ad44a8,dd2ad3ecc,0.10827400535345078
qd2ad44a8,dd2b137de,0.10586527734994888
qd2ae159a,dd2ae3eda,0.8780741691589355
qd2ae159a,dd2ae3dfe,0.8187516331672668
qd2ae159a,dd2ae0e2e,0.7084753513336182
qd2ae159a,dd2ae790e,0.22615104913711548
qd2ae159a,dd2ae5e24,0.21148234605789185
qd2ae159a,dd2ae654a,0.18444444239139557
qd2ae159a,dd2ae4f06,0.15224668383598328
qd2ae159a,dd2ae6e5a,0.14850381016731262
qd2ae159a,dd2ae7076,0.12413890659809113
qd2ae159a,dd2ac62ae,0.11477493494749069
qd2ad682a,dd2ad692e,0.6075007319450378
qd2ad682a,dd2ad6d20,0.23129326105117798
qd2ad682a,dd2ac6718,0.06323328614234924
qd2ad682a,dd2ac8f0e,0.041730981320142746
qd2ad682a,dd2ac62ae,0.04003111273050308
qd2ad682a,dd2adc054,0.03805304318666458
qd2ad682a,dd2ac55e8,0.03629179298877716
qd2ad682a,dd2ac410c,0.03516148030757904
qd2ad682a,dd2aef640,0.03496324270963669
qd2ad682a,dd2ac5bec,0.03476607799530029
qd2ac4dbe,dd2ac4e7c,0.8734851479530334
qd2ac4dbe,dd2ac4ef4,0.8170061111450195
qd2ac4dbe,dd2ac5228,0.5214473605155945
qd2ac4dbe,dd2ac5296,0.3981027603149414
qd2ac4dbe,dd2ac49a4,0.29532185196876526
qd2ac4dbe,dd2abf4f4,0.10821744054555893
qd2ac4dbe,dd2ac23fc,0.07845170050859451
qd2ac4dbe,dd2abf562,0.07710680365562439
qd2ac4dbe,dd2ac62ae,0.0603797510266304
qd2ac4dbe,dd2abfada,0.0600481815636158
qd2ac4530,dd2ac45e4,0.906131386756897
qd2ac4530,dd2ac43f0,0.7099254131317139
qd2ac4530,dd2ac3a86,0.7038553953170776
qd2ac4530,dd2ac410c,0.6708891987800598
qd2ac4530,dd2ac3734,0.22349604964256287
qd2ac4530,dd2ac34fa,0.1575385183095932
qd2ac4530,dd2adcc02,0.041218530386686325
qd2ac4530,dd2abf4f4,0.03861464187502861
qd2ac4530,dd2af0432,0.03572233021259308
qd2ac4530,dd2ad12e4,0.0340651273727417
qd2ae758a,dd2ae790e,0.7456397414207458
qd2ae758a,dd2ae98d0,0.12879909574985504
qd2ae758a,dd2ae3eda,0.10776589065790176
qd2ae758a,dd2ae0e2e,0.10252933204174042
qd2ae758a,dd2ac23fc,0.08190829306840897
qd2ae758a,dd2aef640,0.08033597469329834
qd2ae758a,dd2ac8f0e,0.07921760529279709
qd2ae758a,dd2ac62ae,0.07921760529279709
qd2ae758a,dd2ae654a,0.07351662218570709
qd2ae758a,dd2ae6e5a,0.07038701325654984
qd2aecf94,dd2aed41c,0.6682965755462646
qd2aecf94,dd2aeecea,0.26962628960609436
qd2aecf94,dd2aeeb50,0.19654880464076996
qd2aecf94,dd2aef640,0.12972235679626465
qd2aecf94,dd2ad469c,0.07853646576404572
qd2aecf94,dd2aec936,0.07794487476348877
qd2aecf94,dd2ade412,0.05848023667931557
qd2aecf94,dd2ac23fc,0.0574563629925251
qd2aecf94,dd2ae98d0,0.05323091894388199
qd2aecf94,dd2abbe8a,0.05305402725934982
qd2ac5b24,dd2ac5bec,0.437703937292099
qd2ac5b24,dd2ac55e8,0.42663267254829407
qd2ac5b24,dd2ac62ae,0.38498204946517944
qd2ac5b24,dd2ac58e0,0.36731624603271484
qd2ac5b24,dd2ac8626,0.2936631739139557
qd2ac5b24,dd2ac6718,0.20587073266506195
qd2ac5b24,dd2ac8aea,0.2047712802886963
qd2ac5b24,dd2ac5eb2,0.15141665935516357
qd2ac5b24,dd2adc054,0.14850381016731262
qd2ac5b24,dd2af41e0,0.1430322825908661
qd2ac13da,dd2ac147a,0.8700795769691467
qd2ac13da,dd2ac0dd6,0.7874906659126282
qd2ac13da,dd2ac1222,0.7531222701072693
qd2ac13da,dd2ac1c4a,0.711611807346344
qd2ac13da,dd2ac1a1a,0.6007746458053589
qd2ac13da,dd2ac1056,0.5319637656211853
qd2ac13da,dd2ac1664,0.2202589511871338
qd2ac13da,dd2ac0a84,0.1863914132118225
qd2ac13da,dd2ac07e6,0.15637554228305817
qd2ac13da,dd2ad2306,0.06849400699138641
qd2ac0d22,dd2ac0dd6,0.8530460000038147
qd2ac0d22,dd2ac147a,0.733681321144104
qd2ac0d22,dd2ac1a1a,0.6080594658851624
qd2ac0d22,dd2ac1c4a,0.6007746458053589
qd2ac0d22,dd2ac1056,0.5889133810997009
qd2ac0d22,dd2ac1222,0.5599885582923889
qd2ac0d22,dd2ac1664,0.36310523748397827
qd2ac0d22,dd2ac0a84,0.29145002365112305
qd2ac0d22,dd2ad2676,0.19933952391147614
qd2ac0d22,dd2ac07e6,0.1975686252117157
qd2af258e,dd2af293a,0.7286136150360107
qd2af258e,dd2af41e0,0.30130085349082947
qd2af258e,dd2af432a,0.27650779485702515
qd2af258e,dd2af18f0,0.24660632014274597
qd2af258e,dd2ad4e6c,0.22177214920520782
qd2af258e,dd2af0c8e,0.10720378905534744
qd2af258e,dd2af2336,0.09522336721420288
qd2af258e,dd2af679c,0.07008091360330582
qd2af258e,dd2ad1262,0.06856880336999893
qd2af258e,dd2af541e,0.06449434906244278
qd2b0310e,dd2b03604,0.6869798302650452
qd2b0310e,dd2abc27c,0.15910008549690247
qd2b0310e,dd2ac5bec,0.10209880769252777
qd2b0310e,dd2ad2306,0.08698059618473053
qd2b0310e,dd2adc054,0.0825272798538208
qd2b0310e,dd2ac147a,0.07635961472988129
qd2b0310e,dd2ac1c4a,0.06879368424415588
qd2b0310e,dd2ac6718,0.06657539308071136
qd2b0310e,dd2ad8850,0.05822267383337021
qd2b0310e,dd2ad9520,0.05114441365003586
qd2afe1ae,dd2afe78a,0.7961819171905518
qd2afe1ae,dd2afdaa6,0.18786202371120453
qd2afe1ae,dd2afb88c,0.06924548745155334
qd2afe1ae,dd2af9b04,0.03874535858631134
qd2afe1ae,dd2add62a,0.03441388159990311
qd2afe1ae,dd2af2336,0.03368162363767624
qd2afe1ae,dd2af6f08,0.032815322279930115
qd2afe1ae,dd2ac8626,0.029762977734208107
qd2afe1ae,dd2adc054,0.02889561466872692
qd2afe1ae,dd2afc3f4,0.028438793495297432
qd2b1698e,dd2b16ef2,0.6726978421211243
qd2b1698e,dd2b15b1a,0.465120792388916
qd2b1698e,dd2b16146,0.45362547039985657
qd2b1698e,dd2b17af0,0.34508374333381653
qd2b1698e,dd2b17c3a,0.20591863989830017
qd2b1698e,dd2b137de,0.08076994121074677
qd2b1698e,dd2ad12e4,0.0790468081831932
qd2b1698e,dd2ac5bec,0.07619448006153107
qd2b1698e,dd2ad0b46,0.07472291588783264
qd2b1698e,dd2ad1262,0.07131274044513702
qd2ad18ca,dd2ad1a32,0.49890199303627014
qd2ad18ca,dd2ad19c4,0.37257421016693115
qd2ad18ca,dd2ad1ec4,0.1546824872493744
qd2ad18ca,dd2ad2676,0.12205177545547485
qd2ad18ca,dd2ad2306,0.06513363122940063
qd2ad18ca,dd2ad7e46,0.04678163304924965
qd2ad18ca,dd2ac5296,0.04453529417514801
qd2ad18ca,dd2ad7824,0.041590627282857895
qd2ad18ca,dd2ac4e7c,0.037583980709314346
qd2ad18ca,dd2af9b04,0.037036795169115067
qd2ac0732,dd2ac07e6,0.8500835299491882
qd2ac0732,dd2ac147a,0.2193797081708908
qd2ac0732,dd2ac0dd6,0.2170805186033249
qd2ac0732,dd2ac1222,0.150440514087677
qd2ac0732,dd2ac1a1a,0.1383572369813919
qd2ac0732,dd2ac1664,0.12061503529548645
qd2ac0732,dd2ac1c4a,0.09542550146579742
qd2ac0732,dd2acd630,0.08848119527101517
qd2ac0732,dd2ac23fc,0.08306123316287994
qd2ac0732,dd2ac0a84,0.07956020534038544
qd2afa130,dd2afb88c,0.40981170535087585
qd2afa130,dd2afc3f4,0.13717402517795563
qd2afa130,dd2afe78a,0.09502164274454117
qd2afa130,dd2af9b04,0.09243369847536087
qd2afa130,dd2afdaa6,0.07448020577430725
qd2afa130,dd2ad9520,0.03831125423312187
qd2afa130,dd2addc24,0.033151719719171524
qd2afa130,dd2ac3734,0.032741013914346695
qd2afa130,dd2ad4624,0.029159855097532272
qd2afa130,dd2acd630,0.027861731126904488
qd2aeaf50,dd2aeb658,0.7087173461914062
qd2aeaf50,dd2aeab5e,0.08933553099632263
qd2aeaf50,dd2aeaa0a,0.0848638191819191
qd2aeaf50,dd2ae98d0,0.06782414019107819
qd2aeaf50,dd2abe752,0.06570681184530258
qd2aeaf50,dd2abffc6,0.06556307524442673
qd2aeaf50,dd2ac23fc,0.05809429660439491
qd2aeaf50,dd2ac8f0e,0.05777450650930405
qd2aeaf50,dd2b16146,0.055704981088638306
qd2aeaf50,dd2acdc52,0.05564337968826294
qd2ace92c,dd2aced14,0.5789487361907959
qd2ace92c,dd2acffb6,0.36026445031166077
qd2ace92c,dd2acf0f2,0.31621137261390686
qd2ace92c,dd2ace5a8,0.30544915795326233
qd2ace92c,dd2acf912,0.2469058334827423
qd2ace92c,dd2acf692,0.20126357674598694
qd2ace92c,dd2acf638,0.14658769965171814
qd2ace92c,dd2acf5c0,0.1401834338903427
qd2ace92c,dd2af293a,0.11615129560232162
qd2ace92c,dd2acfb9c,0.10002287477254868
qd2ac48d2,dd2ac49a4,0.8793233036994934
qd2ac48d2,dd2ac4ef4,0.6599318981170654
qd2ac48d2,dd2ac4e7c,0.38262632489204407
qd2ac48d2,dd2b17c3a,0.31437721848487854
qd2ac48d2,dd2ad7e46,0.2556273639202118
qd2ac48d2,dd2ac62ae,0.2523384094238281
qd2ac48d2,dd2acd630,0.22154471278190613
qd2ac48d2,dd2ac5296,0.21842791140079498
qd2ac48d2,dd2ac5228,0.2128044217824936
qd2ac48d2,dd2ad12e4,0.2104582041501999
qd2ad2568,dd2ad1a32,0.5911810994148254
qd2ad2568,dd2ad2676,0.5547846555709839
qd2ad2568,dd2ad2306,0.3204070031642914
qd2ad2568,dd2ad19c4,0.25848081707954407
qd2ad2568,dd2ad1ec4,0.24589939415454865
qd2ad2568,dd2ad3ecc,0.1637798398733139
qd2ad2568,dd2ac8f0e,0.14887464046478271
qd2ad2568,dd2ad469c,0.13131822645664215
qd2ad2568,dd2acd630,0.11633185297250748
qd2ad2568,dd2ad12e4,0.1117735430598259
qd2afbdf0,dd2afc3f4,0.8396422266960144
qd2afbdf0,dd2afb88c,0.6706303358078003
qd2afbdf0,dd2afc67e,0.6279746294021606
qd2afbdf0,dd2af9b04,0.5530472993850708
qd2afbdf0,dd2ac8f0e,0.36833807826042175
qd2afbdf0,dd2ac62ae,0.20443753898143768
qd2afbdf0,dd2afe78a,0.19613276422023773
qd2afbdf0,dd2ad3fd0,0.16186299920082092
qd2afbdf0,dd2afdaa6,0.16099050641059875
qd2afbdf0,dd2af293a,0.15622100234031677
qd2b02664,dd2b02da8,0.8134759664535522
qd2b02664,dd2b059ae,0.5103262662887573
qd2b02664,dd2b05170,0.48469775915145874
qd2b02664,dd2b01854,0.30142420530319214
qd2b02664,dd2b03604,0.28948765993118286
qd2b02664,dd2ac5eb2,0.10033980011940002
qd2b02664,dd2ad692e,0.09777757525444031
qd2b02664,dd2ac62ae,0.06879368424415588
qd2b02664,dd2ac1056,0.062268417328596115
qd2b02664,dd2abc54c,0.05460576340556145
qd2ac3cc0,dd2ac410c,0.6864756941795349
qd2ac3cc0,dd2ac43f0,0.6119624376296997
qd2ac3cc0,dd2ac3734,0.5565207004547119
qd2ac3cc0,dd2ac3a86,0.5373576283454895
qd2ac3cc0,dd2ac45e4,0.4481128454208374
qd2ac3cc0,dd2abf562,0.27542486786842346
qd2ac3cc0,dd2abf4f4,0.1822948157787323
qd2ac3cc0,dd2ac34fa,0.17092308402061462
qd2ac3cc0,dd2abf0b2,0.14894889295101166
qd2ac3cc0,dd2abfb48,0.08359832316637039
qd2abe9be,dd2abea5e,0.6136308312416077
qd2abe9be,dd2abedc4,0.45856747031211853
qd2abe9be,dd2abe7ca,0.0944187343120575
qd2abe9be,dd2abe752,0.07224970310926437
qd2abe9be,dd2abe20c,0.06909459084272385
qd2abe9be,dd2abde92,0.06513363122940063
qd2abe9be,dd2abdf28,0.062131695449352264
qd2abe9be,dd2ae98d0,0.05241012200713158
qd2abe9be,dd2abf0b2,0.04897145926952362
qd2abe9be,dd2ac23fc,0.047624897211790085
qd2af7502,dd2af6f08,0.9224336743354797
qd2af7502,dd2af18f0,0.1542998105287552
qd2af7502,dd2af679c,0.15156729519367218
qd2af7502,dd2af41e0,0.13898710906505585
qd2af7502,dd2af541e,0.13510675728321075
qd2af7502,dd2af432a,0.10301561653614044
qd2af7502,dd2af2336,0.09819187223911285
qd2af7502,dd2af5afe,0.08614665269851685
qd2af7502,dd2af0c8e,0.06939668208360672
qd2af7502,dd2af293a,0.06628468632698059
qd2ac27b2,dd2ac285c,0.9339690208435059
qd2ac27b2,dd2ac2a28,0.8808075785636902
qd2ac27b2,dd2ac32b6,0.7489591836929321
qd2ac27b2,dd2ac2dac,0.7154443860054016
qd2ac27b2,dd2ac30ea,0.6180666089057922
qd2ac27b2,dd2ac23fc,0.6144639849662781
qd2ac27b2,dd2ac262c,0.2540834844112396
qd2ac27b2,dd2ac20d2,0.13125140964984894
qd2ac27b2,dd2abf562,0.1254829615354538
qd2ac27b2,dd2b137de,0.09342148154973984
qd2abc4b6,dd2abc54c,0.8338803052902222
qd2abc4b6,dd2abc27c,0.641288161277771
qd2abc4b6,dd2abbef8,0.6130749583244324
qd2abc4b6,dd2abbe8a,0.514132559299469
qd2abc4b6,dd2abbe1c,0.36066970229148865
qd2abc4b6,dd2abc858,0.20731136202812195
qd2abc4b6,dd2ad9520,0.15691739320755005
qd2abc4b6,dd2abb3e0,0.10952489078044891
qd2abc4b6,dd2abca56,0.09461931139230728
qd2abc4b6,dd2abb8b8,0.0931241512298584
qd2af095a,dd2af0c8e,0.8757978081703186
qd2af095a,dd2af432a,0.7576693296432495
qd2af095a,dd2ad12e4,0.4108040928840637
qd2af095a,dd2af41e0,0.347537636756897
qd2af095a,dd2ad0b46,0.2437058836221695
qd2af095a,dd2ad1262,0.22464212775230408
qd2af095a,dd2af18f0,0.21583831310272217
qd2af095a,dd2ac62ae,0.21231405436992645
qd2af095a,dd2abbef8,0.18830938637256622
qd2af095a,dd2af2336,0.17511481046676636
qd2acda90,dd2acdc52,0.7678470015525818
qd2acda90,dd2acffb6,0.14103305339813232
qd2acda90,dd2acf0f2,0.1240115538239479
qd2acda90,dd2ace5a8,0.11851789057254791
qd2acda90,dd2acf638,0.1099829152226448
qd2acda90,dd2acf5c0,0.10317813605070114
qd2acda90,dd2acf692,0.09401869028806686
qd2acda90,dd2acfb9c,0.0867946520447731
qd2acda90,dd2acf912,0.08173222839832306
qd2acda90,dd2aced14,0.07938873022794724
qd2af1134,dd2af2336,0.7672197222709656
qd2af1134,dd2af18f0,0.7565918564796448
qd2af1134,dd2af432a,0.373464971780777
qd2af1134,dd2af41e0,0.2918282747268677
qd2af1134,dd2af3272,0.2851235568523407
qd2af1134,dd2af6f08,0.226510152220726
qd2af1134,dd2af293a,0.14153067767620087
qd2af1134,dd2ac3734,0.10867064446210861
qd2af1134,dd2af679c,0.0867946520447731
qd2af1134,dd2af0c8e,0.07887636125087738
qd2abfa1c,dd2abfada,0.731385350227356
qd2abfa1c,dd2abfb48,0.6080594658851624
qd2abfa1c,dd2abf4f4,0.6021791100502014
qd2abfa1c,dd2abf0b2,0.553626537322998
qd2abfa1c,dd2abf562,0.5312342643737793
qd2abfa1c,dd2ac3a86,0.4055669903755188
qd2abfa1c,dd2ac410c,0.19378772377967834
qd2abfa1c,dd2ac43f0,0.15059036016464233
qd2abfa1c,dd2ad469c,0.07232828438282013
qd2abfa1c,dd2ad12e4,0.0710802674293518
qd2abd6b8,dd2abd1e0,0.7118522524833679
qd2abd6b8,dd2abd17c,0.6762998104095459
qd2abd6b8,dd2abd7b2,0.6675167083740234
qd2abd6b8,dd2ac5bec,0.08531997352838516
qd2abd6b8,dd2ac62ae,0.07947441935539246
qd2abd6b8,dd2ae98d0,0.07496635615825653
qd2abd6b8,dd2ad12e4,0.07311853021383286
qd2abd6b8,dd2ac23fc,0.07224970310926437
qd2abd6b8,dd2ad3ecc,0.06985215842723846
qd2abd6b8,dd2ac04a8,0.06694044172763824
qd2abd0e6,dd2abd17c,0.6312539577484131
qd2abd0e6,dd2abd1e0,0.6038623452186584
qd2abd0e6,dd2abd7b2,0.47738417983055115
qd2abd0e6,dd2ad12e4,0.04463512822985649
qd2abd0e6,dd2ad0b46,0.04335373267531395
qd2abd0e6,dd2b16ef2,0.04277423769235611
qd2abd0e6,dd2ac8f0e,0.0416373610496521
qd2abd0e6,dd2abf4f4,0.03976178541779518
qd2abd0e6,dd2ad1262,0.03944975510239601
qd2abd0e6,dd2abea5e,0.03839770704507828
qd2adf038,dd2ae0e2e,0.8222037553787231
qd2adf038,dd2ae3eda,0.3558202087879181
qd2adf038,dd2ae3dfe,0.2897588908672333
qd2adf038,dd2ae5e24,0.11857912689447403
qd2adf038,dd2ae790e,0.11815108358860016
qd2adf038,dd2ae654a,0.09471974521875381
qd2adf038,dd2ac23fc,0.07744103670120239
qd2adf038,dd2ae4f06,0.07635961472988129
qd2adf038,dd2ae6e5a,0.07170175760984421
qd2adf038,dd2acdc52,0.07092566043138504
qd2ad1d98,dd2ad1ec4,0.7580994367599487
qd2ad1d98,dd2ad1a32,0.6889923214912415
qd2ad1d98,dd2ad19c4,0.564315140247345
qd2ad1d98,dd2ad2676,0.259626567363739
qd2ad1d98,dd2ad2306,0.1574607789516449
qd2ad1d98,dd2ac5bec,0.07327752560377121
qd2ad1d98,dd2ad0b46,0.057329580187797546
qd2ad1d98,dd2ad1262,0.050186239182949066
qd2ad1d98,dd2ac8f0e,0.04641718417406082
qd2ad1d98,dd2ac3734,0.04590122774243355
qd2add044,dd2add242,0.9379026889801025
qd2add044,dd2adcc02,0.863311231136322
qd2add044,dd2add62a,0.27098017930984497
qd2add044,dd2adc4fa,0.24560075998306274
qd2add044,dd2ad9520,0.23596163094043732
qd2add044,dd2ada466,0.15232232213020325
qd2add044,dd2ac3734,0.126580148935318
qd2add044,dd2adc054,0.12130033224821091
qd2add044,dd2ad8c38,0.10603178292512894
qd2add044,dd2ac43f0,0.1005515605211258
qd2aede94,dd2aeecea,0.5720779895782471
qd2aede94,dd2aeeb50,0.5395418405532837
qd2aede94,dd2aef640,0.16218119859695435
qd2aede94,dd2aec936,0.11119315028190613
qd2aede94,dd2aed41c,0.0990251749753952
qd2aede94,dd2af9b04,0.06393101066350937
qd2aede94,dd2abf4f4,0.05739293992519379
qd2aede94,dd2ad12e4,0.05688785761594772
qd2aede94,dd2ada3da,0.05211988463997841
qd2aede94,dd2ada466,0.04929996281862259
qd2af51e4,dd2af541e,0.9351159334182739
qd2af51e4,dd2af41e0,0.24599452316761017
qd2af51e4,dd2af18f0,0.22083812952041626
qd2af51e4,dd2af679c,0.21727977693080902
qd2af51e4,dd2af432a,0.18198931217193604
qd2af51e4,dd2af5afe,0.12794677913188934
qd2af51e4,dd2af6f08,0.10969646275043488
qd2af51e4,dd2ad6d20,0.09322316199541092
qd2af51e4,dd2af0c8e,0.08450047671794891
qd2af51e4,dd2af293a,0.08306123316287994
qd2ac2cee,dd2ac2dac,0.8991304039955139
qd2ac2cee,dd2ac2a28,0.8184036016464233
qd2ac2cee,dd2ac285c,0.7872945070266724
qd2ac2cee,dd2ac23fc,0.6811549067497253
qd2ac2cee,dd2ac30ea,0.6538571715354919
qd2ac2cee,dd2ac32b6,0.6010556817054749
qd2ac2cee,dd2ac262c,0.47943115234375
qd2ac2cee,dd2ac62ae,0.39571839570999146
qd2ac2cee,dd2ac2140,0.32373329997062683
qd2ac2cee,dd2ad12e4,0.28885534405708313
qd2ac1970,dd2ac147a,0.8148942589759827
qd2ac1970,dd2ac1a1a,0.7990196347236633
qd2ac1970,dd2ac0dd6,0.7197191119194031
qd2ac1970,dd2ac1222,0.6260561943054199
qd2ac1970,dd2ac1c4a,0.5395418405532837
qd2ac1970,dd2ac1056,0.4170583486557007
qd2ac1970,dd2ac1664,0.22627924382686615
qd2ac1970,dd2ac07e6,0.13085106015205383
qd2ac1970,dd2ac0a84,0.10969646275043488
qd2ac1970,dd2ac5bec,0.08270492404699326
qd2b14ff8,dd2b16146,0.5491335391998291
qd2b14ff8,dd2b15b1a,0.23895883560180664
qd2b14ff8,dd2b16ef2,0.09213918447494507
qd2b14ff8,dd2b17c3a,0.07031037658452988
qd2b14ff8,dd2b17af0,0.0603797510266304
qd2b14ff8,dd2acdc52,0.052293844521045685
qd2b14ff8,dd2ac8f0e,0.04364628717303276
qd2b14ff8,dd2abb8b8,0.04154394194483757
qd2b14ff8,dd2ad12e4,0.040987592190504074
qd2b14ff8,dd2abbe8a,0.04071210324764252
qd2ad2fea,dd2ad3fd0,0.6884899139404297
qd2ad2fea,dd2ad3ecc,0.6312539577484131
qd2ad2fea,dd2ad469c,0.13731278479099274
qd2ad2fea,dd2ad4624,0.1270342916250229
qd2ad2fea,dd2af9b04,0.08173222839832306
qd2ad2fea,dd2acdc52,0.07870624959468842
qd2ad2fea,dd2abbef8,0.07131274044513702
qd2ad2fea,dd2ad2676,0.06992833316326141
qd2ad2fea,dd2ac8f0e,0.06782414019107819
qd2ad2fea,dd2b0b110,0.06288709491491318
qd2abc9d4,dd2abca56,0.9030979871749878
qd2abc9d4,dd2abc858,0.8194462060928345
qd2abc9d4,dd2abccf4,0.3670439124107361
qd2abc9d4,dd2abb8b8,0.1362060159444809
qd2abc9d4,dd2abbe8a,0.13435538113117218
qd2abc9d4,dd2abb3e0,0.10279922932386398
qd2abc9d4,dd2abbef8,0.09965426474809647
qd2abc9d4,dd2ae790e,0.09871195256710052
qd2abc9d4,dd2abc54c,0.06992833316326141
qd2abc9d4,dd2abbe1c,0.06541964411735535
qd2ad6b68,dd2ad6d20,0.33600467443466187
qd2ad6b68,dd2ac55e8,0.07802913337945938
qd2ad6b68,dd2ae3eda,0.06563490629196167
qd2ad6b68,dd2ad7388,0.061317287385463715
qd2ad6b68,dd2ad1ec4,0.0609809011220932
qd2ad6b68,dd2acd630,0.060313306748867035
qd2ad6b68,dd2b15b1a,0.06018059700727463
qd2ad6b68,dd2b16ef2,0.05991603434085846
qd2ad6b68,dd2abdf28,0.0598500519990921
qd2ad6b68,dd2addca6,0.05965254455804825
qd2ae942a,dd2ae98d0,0.9232680201530457
qd2ae942a,dd2ad469c,0.08829236030578613
qd2ae942a,dd2aef640,0.07956020534038544
qd2ae942a,dd2ac23fc,0.06864368915557861
qd2ae942a,dd2ac62ae,0.06592296808958054
qd2ae942a,dd2abc858,0.062268417328596115
qd2ae942a,dd2ae790e,0.06104803830385208
qd2ae942a,dd2ac43f0,0.058030206710100174
qd2ae942a,dd2ae86ba,0.05771074816584587
qd2ae942a,dd2af0432,0.05430406704545021
qd2abe16c,dd2abe20c,0.775282084941864
qd2abe16c,dd2abde92,0.5840819478034973
qd2abe16c,dd2abdf28,0.4365505576133728
qd2abe16c,dd2abea5e,0.40981170535087585
qd2abe16c,dd2abe7ca,0.396278977394104
qd2abe16c,dd2abe752,0.32804539799690247
qd2abe16c,dd2abedc4,0.23909205198287964
qd2abe16c,dd2ac8f0e,0.12873335182666779
qd2abe16c,dd2ae98d0,0.12375716120004654
qd2abe16c,dd2ae86ba,0.11729907989501953
qd2acfab6,dd2acfb9c,0.5780915021896362
qd2acfab6,dd2acffb6,0.1102125272154808
qd2acfab6,dd2acf692,0.10867064446210861
qd2acfab6,dd2acf638,0.09552670270204544
qd2acfab6,dd2acf0f2,0.0931241512298584
qd2acfab6,dd2acf912,0.09272903203964233
qd2acfab6,dd2ace5a8,0.09067928791046143
qd2acfab6,dd2acf5c0,0.08857578039169312
qd2acfab6,dd2acdc52,0.06288709491491318
qd2acfab6,dd2aced14,0.04595258831977844
qd2ad21e4,dd2ad2306,0.8844493627548218
qd2ad21e4,dd2ad2676,0.5651793479919434
qd2ad21e4,dd2ad1ec4,0.17414358258247375
qd2ad21e4,dd2ac410c,0.06470679491758347
qd2ad21e4,dd2ad1a32,0.05978415161371231
qd2ad21e4,dd2ad19c4,0.059390146285295486
qd2ad21e4,dd2ac62ae,0.043159738183021545
qd2ad21e4,dd2b137de,0.0425349697470665
qd2ad21e4,dd2ac5bec,0.03865816444158554
qd2ad21e4,dd2afe78a,0.037583980709314346
qd2aebcc0,dd2aeecea,0.5599885582923889
qd2aebcc0,dd2aed41c,0.5582553148269653
qd2aebcc0,dd2aeeb50,0.5188149809837341
qd2aebcc0,dd2aec936,0.49494704604148865
qd2aebcc0,dd2aef640,0.4505775570869446
qd2aebcc0,dd2ac6718,0.11876296252012253
qd2aebcc0,dd2ac8f0e,0.09502164274454117
qd2aebcc0,dd2ac43f0,0.09145529568195343
qd2aebcc0,dd2ac5bec,0.08933553099632263
qd2aebcc0,dd2ac62ae,0.08279386162757874
qd2acefe4,dd2acffb6,0.6977124214172363
qd2acefe4,dd2ace5a8,0.6690754294395447
qd2acefe4,dd2acf0f2,0.6596688628196716
qd2acefe4,dd2acf692,0.5450683832168579
qd2acefe4,dd2acf912,0.540706217288971
qd2acefe4,dd2acf5c0,0.3831801116466522
qd2acefe4,dd2acf638,0.36581963300704956
qd2acefe4,dd2acfb9c,0.30672478675842285
qd2acefe4,dd2aced14,0.1570724993944168
qd2acefe4,dd2acdc52,0.07139039784669876
qd2ae4664,dd2ae4f06,0.8934677839279175
qd2ae4664,dd2ae5e24,0.5090084075927734
qd2ae4664,dd2ae6e5a,0.4282100796699524
qd2ae4664,dd2ae654a,0.3980325758457184
qd2ae4664,dd2ae7076,0.38894346356391907
qd2ae4664,dd2ae717a,0.24681052565574646
qd2ae4664,dd2ae790e,0.23480159044265747
qd2ae4664,dd2ae3eda,0.18965648114681244
qd2ae4664,dd2ae3dfe,0.1249694898724556
qd2ae4664,dd2ac62ae,0.1102125272154808
qd2aef29e,dd2aef640,0.9205687046051025
qd2aef29e,dd2ac62ae,0.30569782853126526
qd2aef29e,dd2ad12e4,0.09126073122024536
qd2aef29e,dd2b02da8,0.08243858814239502
qd2aef29e,dd2acd630,0.08182021975517273
qd2aef29e,dd2abbef8,0.06871865689754486
qd2aef29e,dd2aeecea,0.06834463030099869
qd2aef29e,dd2b17c3a,0.06738094240427017
qd2aef29e,dd2aeeb50,0.06240539997816086
qd2aef29e,dd2abb3e0,0.062131695449352264
qd2ad8d5a,dd2ad9520,0.7485182285308838
qd2ad8d5a,dd2ad8c38,0.6052631139755249
qd2ad8d5a,dd2adae02,0.5588332414627075
qd2ad8d5a,dd2ada466,0.5544951558113098
qd2ad8d5a,dd2ada3da,0.5049076676368713
qd2ad8d5a,dd2adb2c6,0.3440912365913391
qd2ad8d5a,dd2adb5be,0.17762567102909088
qd2ad8d5a,dd2adb8d4,0.1750301718711853
qd2ad8d5a,dd2adc054,0.12509769201278687
qd2ad8d5a,dd2ac5bec,0.06449434906244278
qd2ac0408,dd2ac04a8,0.7917732000350952
qd2ac0408,dd2abff58,0.12331307679414749
qd2ac0408,dd2abffc6,0.10156290233135223
qd2ac0408,dd2ad0b46,0.09204120934009552
qd2ac0408,dd2b16ef2,0.0797320008277893
qd2ac0408,dd2addc24,0.0790468081831932
qd2ac0408,dd2ad1262,0.06992833316326141
qd2ac0408,dd2b17af0,0.06520502269268036
qd2ac0408,dd2afb88c,0.05777450650930405
qd2ac0408,dd2ac5bec,0.05412380024790764
qd2abf45e,dd2abfada,0.8127636909484863
qd2abf45e,dd2abfb48,0.7311550974845886
qd2abf45e,dd2abf0b2,0.6964752078056335
qd2abf45e,dd2abf562,0.6852132081985474
qd2abf45e,dd2abf4f4,0.6358789801597595
qd2abf45e,dd2ac43f0,0.6100127100944519
qd2abf45e,dd2ac410c,0.4339580535888672
qd2abf45e,dd2ad469c,0.15575814247131348
qd2abf45e,dd2ac3734,0.13496989011764526
qd2abf45e,dd2ad12e4,0.13408301770687103
qd2ac516a,dd2ac5296,0.8485839366912842
qd2ac516a,dd2ac5228,0.7992076873779297
qd2ac516a,dd2abfada,0.5049076676368713
qd2ac516a,dd2ac4ef4,0.47300055623054504
qd2ac516a,dd2ac4e7c,0.3316395580768585
qd2ac516a,dd2abfb48,0.2741914689540863
qd2ac516a,dd2ad469c,0.2593662142753601
qd2ac516a,dd2ac49a4,0.24607603251934052
qd2ac516a,dd2abf4f4,0.22981205582618713
qd2ac516a,dd2abf562,0.17835435271263123
qd2ac1182,dd2ac1056,0.572364866733551
qd2ac1182,dd2ac0dd6,0.5669064521789551
qd2ac1182,dd2ac1a1a,0.5122296214103699
qd2ac1182,dd2ac1222,0.5104727149009705
qd2ac1182,dd2ac07e6,0.467016339302063
qd2ac1182,dd2ac1c4a,0.43842506408691406
qd2ac1182,dd2ac147a,0.370795339345932
qd2ac1182,dd2ac0a84,0.25470170378685
qd2ac1182,dd2ac1664,0.17179666459560394
qd2ac1182,dd2ac8f0e,0.08513723313808441
qd2b13fd6,dd2b0b110,0.9265235662460327
qd2b13fd6,dd2b13658,0.8846886157989502
qd2b13fd6,dd2b1453a,0.8591094017028809
qd2b13fd6,dd2b137de,0.5386683344841003
qd2b13fd6,dd2b08bc2,0.2532792389392853
qd2b13fd6,dd2b08d20,0.18466489017009735
qd2b13fd6,dd2ac43f0,0.15902172029018402
qd2b13fd6,dd2ac23fc,0.11645238846540451
qd2b13fd6,dd2ac410c,0.11113527417182922
qd2b13fd6,dd2b07a56,0.10410351306200027
qd2adb0c8,dd2ad8c38,0.7600282430648804
qd2adb0c8,dd2adae02,0.7389145493507385
qd2adb0c8,dd2adb2c6,0.7082332372665405
qd2adb0c8,dd2ada466,0.5860733985900879
qd2adb0c8,dd2ad9520,0.508569061756134
qd2adb0c8,dd2ada3da,0.3830416798591614
qd2adb0c8,dd2adb5be,0.2708970010280609
qd2adb0c8,dd2adb8d4,0.2657207250595093
qd2adb0c8,dd2adc054,0.18064118921756744
qd2adb0c8,dd2ac3734,0.055704981088638306
qd2abfeae,dd2abffc6,0.6044228076934814
qd2abfeae,dd2abff58,0.3286269009113312
qd2abfeae,dd2ac04a8,0.07561906427145004
qd2abfeae,dd2ac8f0e,0.06954821199178696
qd2abfeae,dd2ad061e,0.04704361781477928
qd2abfeae,dd2af0432,0.04544155299663544
qd2abfeae,dd2acdc52,0.04428663104772568
qd2abfeae,dd2ac23fc,0.04408865049481392
qd2abfeae,dd2ae98d0,0.04215479642152786
qd2abfeae,dd2abbe8a,0.04168414697051048
qd2ac3036,dd2ac285c,0.8737438917160034
qd2ac3036,dd2ac32b6,0.7288452386856079
qd2ac3036,dd2ac30ea,0.7211353182792664
qd2ac3036,dd2ac2dac,0.5823728442192078
qd2ac3036,dd2ac23fc,0.5717911124229431
qd2ac3036,dd2ac262c,0.30383554100990295
qd2ac3036,dd2ac2a28,0.23435448110103607
qd2ac3036,dd2ac20d2,0.11183173954486847
qd2ac3036,dd2ad9520,0.09204120934009552
qd2ac3036,dd2ac2140,0.08129354566335678
qd2ac5dea,dd2ac62ae,0.8711356520652771
qd2ac5dea,dd2ac5eb2,0.838375985622406
qd2ac5dea,dd2ac5bec,0.4887963831424713
qd2ac5dea,dd2ac6718,0.2514412999153137
qd2ac5dea,dd2ac8aea,0.08726020157337189
qd2ac5dea,dd2ac8626,0.08605444431304932
qd2ac5dea,dd2b02da8,0.061115242540836334
qd2ac5dea,dd2ac1056,0.048645030707120895
qd2ac5dea,dd2abc54c,0.04168414697051048
qd2ac5dea,dd2ac58e0,0.039851363748311996
qd2ac4328,dd2ac43f0,0.8963332176208496
qd2ac4328,dd2ac410c,0.8106142282485962
qd2ac4328,dd2ac3a86,0.7531222701072693
qd2ac4328,dd2ac3734,0.7230166792869568
qd2ac4328,dd2abf4f4,0.4610416293144226
qd2ac4328,dd2ac45e4,0.294240802526474
qd2ac4328,dd2abf562,0.1454916149377823
qd2ac4328,dd2ac34fa,0.12992094457149506
qd2ac4328,dd2ae98d0,0.09492091834545135
qd2ac4328,dd2ac23fc,0.08660905808210373
qd2ac6a74,dd2ac8626,0.943394660949707
qd2ac6a74,dd2ac6718,0.4269193708896637
qd2ac6a74,dd2ac8aea,0.29314687848091125
qd2ac6a74,dd2ac62ae,0.17275753617286682
qd2ac6a74,dd2ac5bec,0.13138507306575775
qd2ac6a74,dd2ac5eb2,0.09715905785560608
qd2ac6a74,dd2ac58e0,0.04610695689916611
qd2ac6a74,dd2ac55e8,0.03788182511925697
qd2ac6a74,dd2adc054,0.030447298660874367
qd2ac6a74,dd2b02da8,0.030378179624676704
qd2ad9e8a,dd2ada3da,0.6745014190673828
qd2ad9e8a,dd2ada466,0.5497137308120728
qd2ad9e8a,dd2ad9520,0.44246840476989746
qd2ad9e8a,dd2ad8c38,0.4259161651134491
qd2ad9e8a,dd2adb2c6,0.3443557918071747
qd2ad9e8a,dd2adae02,0.2812209725379944
qd2ad9e8a,dd2ad2676,0.22433610260486603
qd2ad9e8a,dd2ad469c,0.21790321171283722
qd2ad9e8a,dd2adb5be,0.18255698680877686
qd2ad9e8a,dd2adb8d4,0.17647314071655273
qd2ac2348,dd2ac23fc,0.7544272541999817
qd2ac2348,dd2ac2dac,0.7445268034934998
qd2ac2348,dd2ac2a28,0.6402091383934021
qd2ac2348,dd2ac285c,0.6004935503005981
qd2ac2348,dd2ac32b6,0.5663309097290039
qd2ac2348,dd2ac30ea,0.5478275418281555
qd2ac2348,dd2ad469c,0.38200366497039795
qd2ac2348,dd2ac262c,0.3257247805595398
qd2ac2348,dd2abf4f4,0.1707156002521515
qd2ac2348,dd2ac20d2,0.11754195392131805
qd2ad04a2,dd2ad061e,0.8029425144195557
qd2ad04a2,dd2ad05a6,0.77994304895401
qd2ad04a2,dd2ad1262,0.20808275043964386
qd2ad04a2,dd2ad0b46,0.20244355499744415
qd2ad04a2,dd2ad12e4,0.1935589611530304
qd2ad04a2,dd2af41e0,0.16951614618301392
qd2ad04a2,dd2ac8f0e,0.14666102826595306
qd2ad04a2,dd2af432a,0.10372158139944077
qd2ad04a2,dd2af0c8e,0.0990251749753952
qd2ad04a2,dd2addc24,0.09263049811124802
qd2abddb6,dd2abde92,0.7407190799713135
qd2abddb6,dd2abdf28,0.6586156487464905
qd2abddb6,dd2abe7ca,0.34900057315826416
qd2abddb6,dd2abe20c,0.18880245089530945
qd2abddb6,dd2abedc4,0.17355449497699738
qd2abddb6,dd2abe752,0.14418527483940125
qd2abddb6,dd2abea5e,0.12394791096448898
qd2abddb6,dd2ac8f0e,0.05906366929411888
qd2abddb6,dd2ae98d0,0.04709617793560028
qd2abddb6,dd2ae86ba,0.04301479086279869
qd2abcc68,dd2abb3e0,0.3365277945995331
qd2abcc68,dd2abccf4,0.3227078914642334
qd2abcc68,dd2abca56,0.2631049156188965
qd2abcc68,dd2abc858,0.22988982498645782
qd2abcc68,dd2abb8b8,0.22715242207050323
qd2abcc68,dd2abbef8,0.16571488976478577
qd2abcc68,dd2abbe8a,0.16490639746189117
qd2abcc68,dd2abbe1c,0.12142530828714371
qd2abcc68,dd2abc27c,0.11513258516788483
qd2abcc68,dd2abc54c,0.07896154373884201
qd2ac403a,dd2ac410c,0.8684816956520081
qd2ac403a,dd2ac43f0,0.6726978421211243
qd2ac403a,dd2ac3734,0.620553195476532
qd2ac403a,dd2ac3a86,0.612518846988678
qd2ac403a,dd2ac45e4,0.23435448110103607
qd2ac403a,dd2ac34fa,0.16297894716262817
qd2ac403a,dd2abf4f4,0.08504600822925568
qd2ac403a,dd2ad2306,0.06613978743553162
qd2ac403a,dd2abf562,0.06323328614234924
qd2ac403a,dd2ac62ae,0.052293844521045685
qd2adeba6,dd2ade386,0.7262901663780212
qd2adeba6,dd2aded90,0.6967228651046753
qd2adeba6,dd2ade412,0.4803086519241333
qd2adeba6,dd2ade854,0.4088200628757477
qd2adeba6,dd2acffb6,0.19724372029304504
qd2adeba6,dd2acf0f2,0.17999164760112762
qd2adeba6,dd2ace5a8,0.17736902832984924
qd2adeba6,dd2ac23fc,0.17545360326766968
qd2adeba6,dd2b137de,0.13544946908950806
qd2adeba6,dd2abc54c,0.1214878261089325
qd2aff090,dd2afe78a,0.5150107145309448
qd2aff090,dd2afdaa6,0.5024175643920898
qd2aff090,dd2afb88c,0.09623780846595764
qd2aff090,dd2af9b04,0.06985215842723846
qd2aff090,dd2afc3f4,0.06477775424718857
qd2aff090,dd2afc67e,0.05496988072991371
qd2aff090,dd2ad9520,0.04646908864378929
qd2aff090,dd2abc54c,0.044835444539785385
qd2aff090,dd2ac6718,0.03720434010028839
qd2aff090,dd2ac5bec,0.0340651273727417
qd2acd50e,dd2acd630,0.8967680931091309
qd2acd50e,dd2acce74,0.8077189326286316
qd2acd50e,dd2b17c3a,0.1775401085615158
qd2acd50e,dd2ac49a4,0.1637798398733139
qd2acd50e,dd2abbef8,0.148726224899292
qd2acd50e,dd2ac4ef4,0.12625660002231598
qd2acd50e,dd2abedc4,0.12554728984832764
qd2acd50e,dd2af0c8e,0.12230314314365387
qd2acd50e,dd2af432a,0.11376676708459854
qd2acd50e,dd2ac8f0e,0.11148301512002945
qd2b09220,dd2b0b110,0.5337139964103699
qd2b09220,dd2b13658,0.44102346897125244
qd2b09220,dd2b1453a,0.2586914598941803
qd2b09220,dd2b137de,0.2277444303035736
qd2b09220,dd2ac8f0e,0.19891902804374695
qd2b09220,dd2ac43f0,0.15691739320755005
qd2b09220,dd2b08bc2,0.14145950973033905
qd2b09220,dd2b08d20,0.13641296327114105
qd2b09220,dd2ac23fc,0.1334041804075241
qd2b09220,dd2ae98d0,0.11772441864013672
qd2adbde8,dd2adc054,0.9577269554138184
qd2adbde8,dd2adb8d4,0.5518882870674133
qd2adbde8,dd2adb5be,0.5303586721420288
qd2adbde8,dd2adae02,0.5163277983665466
qd2adbde8,dd2adb2c6,0.3871346712112427
qd2adbde8,dd2ad9520,0.3710004389286041
qd2adbde8,dd2ada466,0.3691563904285431
qd2adbde8,dd2ad8c38,0.2904074788093567
qd2adbde8,dd2ada3da,0.2682807147502899
qd2adbde8,dd2ac1c4a,0.10799147188663483
qd2af6198,dd2af5afe,0.9462054371833801
qd2af6198,dd2af679c,0.9400511980056763
qd2af6198,dd2af41e0,0.23296429216861725
qd2af6198,dd2af432a,0.2304089218378067
qd2af6198,dd2af18f0,0.2267925888299942
qd2af6198,dd2af0c8e,0.16012181341648102
qd2af6198,dd2af6f08,0.15089039504528046
qd2af6198,dd2af541e,0.13772976398468018
qd2af6198,dd2af3272,0.13449174165725708
qd2af6198,dd2af293a,0.10383059084415436
qd2ac6632,dd2ac62ae,0.15066532790660858
qd2ac6632,dd2aef640,0.11968590319156647
qd2ac6632,dd2ae790e,0.10958204418420792
qd2ac6632,dd2ac6718,0.10172341018915176
qd2ac6632,dd2ad12e4,0.07415774464607239
qd2ac6632,dd2ae98d0,0.06886879354715347
qd2ac6632,dd2acd630,0.06592296808958054
qd2ac6632,dd2abc858,0.06316391378641129
qd2ac6632,dd2b17c3a,0.057966187596321106
qd2ac6632,dd2ac23fc,0.044835444539785385
qd2ad7b9e,dd2ad7e46,0.9092727899551392
qd2ad7b9e,dd2ad7824,0.6675167083740234
qd2ad7b9e,dd2ad88d2,0.4965582489967346
qd2ad7b9e,dd2ad8850,0.21685653924942017
qd2ad7b9e,dd2ad741e,0.13717402517795563
qd2ad7b9e,dd2ad7388,0.13469648361206055
qd2ad7b9e,dd2ad12e4,0.11513258516788483
qd2ad7b9e,dd2b17c3a,0.11501327157020569
qd2ad7b9e,dd2ac62ae,0.08614665269851685
qd2ad7b9e,dd2abedc4,0.07710680365562439
qd2ac89be,dd2ac8aea,0.9172509908676147
qd2ac89be,dd2ac8626,0.7869017720222473
qd2ac89be,dd2ac6718,0.25101417303085327
qd2ac89be,dd2ac5eb2,0.07644230127334595
qd2ac89be,dd2ac62ae,0.05052246153354645
qd2ac89be,dd2ac5bec,0.04600398987531662
qd2ac89be,dd2ac58e0,0.030447298660874367
qd2ac89be,dd2ac55e8,0.02520047314465046
qd2ac89be,dd2adc054,0.01625405251979828
qd2ac89be,dd2abc54c,0.015307855792343616
qd2b03ffa,dd2b02da8,0.7630077600479126
qd2b03ffa,dd2b05170,0.7493996024131775
qd2b03ffa,dd2b03604,0.5565207004547119
qd2b03ffa,dd2b01854,0.15816164016723633
qd2b03ffa,dd2b059ae,0.12192624807357788
qd2b03ffa,dd2ac62ae,0.10177697241306305
qd2b03ffa,dd2aef640,0.05533628538250923
qd2b03ffa,dd2abc858,0.047891367226839066
qd2b03ffa,dd2ad692e,0.041172247380018234
qd2b03ffa,dd2ac8aea,0.04003111273050308
qd2af962c,dd2afb88c,0.6620326638221741
qd2af962c,dd2af9b04,0.48060113191604614
qd2af962c,dd2afc3f4,0.20539218187332153
qd2af962c,dd2afe78a,0.11038503050804138
qd2af962c,dd2afc67e,0.08651640266180038
qd2af962c,dd2afdaa6,0.06716035306453705
qd2af962c,dd2ac5bec,0.04919023439288139
qd2af962c,dd2ac62ae,0.04652104154229164
qd2af962c,dd2ad4624,0.044835444539785385
qd2af962c,dd2ad9520,0.04418754205107689
qd2ad8a6c,dd2ad9520,0.6646496653556824
qd2ad8a6c,dd2ada466,0.6506676077842712
qd2ad8a6c,dd2ada3da,0.6380468606948853
qd2ad8a6c,dd2adae02,0.6353361010551453
qd2ad8a6c,dd2ad8c38,0.6271529197692871
qd2ad8a6c,dd2adb2c6,0.46687051653862
qd2ad8a6c,dd2adb8d4,0.3416489064693451
qd2ad8a6c,dd2adb5be,0.340990275144577
qd2ad8a6c,dd2adc054,0.15126614272594452
qd2ad8a6c,dd2ad469c,0.07488511502742767
qd2afcbec,dd2afdaa6,0.8916698694229126
qd2afcbec,dd2afb88c,0.3243750035762787
qd2afcbec,dd2af9b04,0.20060500502586365
qd2afcbec,dd2afe78a,0.18012140691280365
qd2afcbec,dd2afc67e,0.11353065818548203
qd2afcbec,dd2afc3f4,0.1011892557144165
qd2afcbec,dd2b08d20,0.0738365426659584
qd2afcbec,dd2ac8f0e,0.042966578155756
qd2afcbec,dd2ad9520,0.039228323847055435
qd2afcbec,dd2ac5bec,0.0354408323764801
qd2ac5516,dd2ac55e8,0.6164054274559021
qd2ac5516,dd2ac5bec,0.16458390653133392
qd2ac5516,dd2ac62ae,0.10269120335578918
qd2ac5516,dd2ac58e0,0.08577835559844971
qd2ac5516,dd2ac8aea,0.08531997352838516
qd2ac5516,dd2ac8626,0.07327752560377121
qd2ac5516,dd2ac5eb2,0.06158764660358429
qd2ac5516,dd2ac6718,0.06091383472084999
qd2ac5516,dd2b15b1a,0.042249538004398346
qd2ac5516,dd2b16ef2,0.037967342883348465
qd2ad504c,dd2ad4624,0.7843359708786011
qd2ad504c,dd2ad662c,0.6249581575393677
qd2ad504c,dd2ad469c,0.6161283254623413
qd2ad504c,dd2ad4ed0,0.43036335706710815
qd2ad504c,dd2ad4e6c,0.298456072807312
qd2ad504c,dd2ad4dfe,0.1526251882314682
qd2ad504c,dd2ad3ecc,0.13634395599365234
qd2ad504c,dd2ad3fd0,0.11857912689447403
qd2ad504c,dd2ac410c,0.09767424315214157
qd2ad504c,dd2ad12e4,0.09644186496734619
qd2ac3202,dd2ac32b6,0.7613083124160767
qd2ac3202,dd2ac30ea,0.5079833269119263
qd2ac3202,dd2ac2dac,0.4648292362689972
qd2ac3202,dd2ac285c,0.42477044463157654
qd2ac3202,dd2ac23fc,0.3820728361606598
qd2ac3202,dd2ac2a28,0.3124229609966278
qd2ac3202,dd2ac262c,0.19346752762794495
qd2ac3202,dd2ac20d2,0.08559472858905792
qd2ac3202,dd2b137de,0.07836702466011047
qd2ac3202,dd2ad4624,0.05867411196231842
qd2ac201e,dd2ac20d2,0.7111305594444275
qd2ac201e,dd2ac2140,0.6664755940437317
qd2ac201e,dd2ac23fc,0.3273676931858063
qd2ac201e,dd2ac30ea,0.2422105222940445
qd2ac201e,dd2ac2dac,0.20683033764362335
qd2ac201e,dd2ac2a28,0.1304517537355423
qd2ac201e,dd2ac285c,0.11382585018873215
qd2ac201e,dd2ae86ba,0.1117154061794281
qd2ac201e,dd2ac8f0e,0.11107739061117172
qd2ac201e,dd2ac262c,0.10754074156284332
qd2ad097a,dd2ad0b46,0.7587435245513916
qd2ad097a,dd2ad1262,0.2741768956184387
qd2ad097a,dd2ad12e4,0.21378764510154724
qd2ad097a,dd2af41e0,0.1304517537355423
qd2ad097a,dd2ad05a6,0.11376676708459854
qd2ad097a,dd2ada466,0.09552670270204544
qd2ad097a,dd2af0c8e,0.09391891956329346
qd2ad097a,dd2ad061e,0.09194332361221313
qd2ad097a,dd2af432a,0.07896154373884201
qd2ad097a,dd2ac5bec,0.074077308177948
qd2ac5818,dd2ac6718,0.3866482079029083
qd2ac5818,dd2ac62ae,0.30495214462280273
qd2ac5818,dd2ac58e0,0.3034329116344452
qd2ac5818,dd2ac55e8,0.26024651527404785
qd2ac5818,dd2ac5bec,0.24490930140018463
qd2ac5818,dd2ac8626,0.22230353951454163
qd2ac5818,dd2ac5eb2,0.2133939415216446
qd2ac5818,dd2ac8aea,0.19119207561016083
qd2ac5818,dd2ac43f0,0.11784618347883224
qd2ac5818,dd2ac410c,0.11259056627750397
qd2ac2582,dd2ac262c,0.7884695529937744
qd2ac2582,dd2ac23fc,0.7194826602935791
qd2ac2582,dd2ac285c,0.6859710216522217
qd2ac2582,dd2ac20d2,0.5167667865753174
qd2ac2582,dd2ac32b6,0.4999273419380188
qd2ac2582,dd2ac2dac,0.49084633588790894
qd2ac2582,dd2ac2140,0.44927242398262024
qd2ac2582,dd2ac30ea,0.444203644990921
qd2ac2582,dd2ac2a28,0.2695104479789734
qd2ac2582,dd2ac8f0e,0.14828164875507355
qd2ac3446,dd2ac43f0,0.8124067187309265
qd2ac3446,dd2ac34fa,0.7819477319717407
qd2ac3446,dd2ac3a86,0.5798054933547974
qd2ac3446,dd2ac410c,0.5697814226150513
qd2ac3446,dd2abfada,0.449417382478714
qd2ac3446,dd2ac3734,0.36745238304138184
qd2ac3446,dd2abfb48,0.3231242597103119
qd2ac3446,dd2abf4f4,0.3149458169937134
qd2ac3446,dd2abf562,0.3029068410396576
qd2ac3446,dd2abf0b2,0.2902414798736572
qd2ac39be,dd2ac410c,0.777519941329956
qd2ac39be,dd2ac43f0,0.7368746995925903
qd2ac39be,dd2ac3734,0.6778371930122375
qd2ac39be,dd2ac3a86,0.65465247631073
qd2ac39be,dd2abfb48,0.5530472993850708
qd2ac39be,dd2abf4f4,0.3790340721607208
qd2ac39be,dd2abf0b2,0.3548135459423065
qd2ac39be,dd2ac45e4,0.3495998680591583
qd2ac39be,dd2abf562,0.34217628836631775
qd2ac39be,dd2ac34fa,0.17887014150619507
qd2ac0fa2,dd2ac1056,0.8204841613769531
qd2ac0fa2,dd2ac147a,0.5872100591659546
qd2ac0fa2,dd2ac0dd6,0.451447993516922
qd2ac0fa2,dd2ac1222,0.30361872911453247
qd2ac0fa2,dd2ac1c4a,0.3026285171508789
qd2ac0fa2,dd2ac1a1a,0.28011196851730347
qd2ac0fa2,dd2ac62ae,0.16474507749080658
qd2ac0fa2,dd2ac1664,0.15422338247299194
qd2ac0fa2,dd2ac5eb2,0.1350383162498474
qd2ac0fa2,dd2ac0a84,0.11241506040096283
qd2affacc,dd2b01854,0.8588255047798157
qd2affacc,dd2b02da8,0.6263304352760315
qd2affacc,dd2b03604,0.23590882122516632
qd2affacc,dd2b059ae,0.21487297117710114
qd2affacc,dd2b05170,0.17305082082748413
qd2affacc,dd2ad692e,0.07644230127334595
qd2affacc,dd2abca56,0.06365107744932175
qd2affacc,dd2ae790e,0.03918418288230896
qd2affacc,dd2ac34fa,0.033872853964567184
qd2affacc,dd2ac62ae,0.032006844878196716
qd2abc1e6,dd2abc27c,0.6867278218269348
qd2abc1e6,dd2abc54c,0.5683444738388062
qd2abc1e6,dd2abbef8,0.5356091856956482
qd2abc1e6,dd2abbe8a,0.48469775915145874
qd2abc1e6,dd2abbe1c,0.46380913257598877
qd2abc1e6,dd2abc858,0.14961861073970795
qd2abc1e6,dd2abca56,0.1274246722459793
qd2abc1e6,dd2ac2a28,0.11229818314313889
qd2abc1e6,dd2abf0b2,0.09165021777153015
qd2abc1e6,dd2abfb48,0.09077595919370651
qd2b1771c,dd2b17af0,0.6601948142051697
qd2b1771c,dd2b17c3a,0.6282483339309692
qd2b1771c,dd2b16146,0.4443483352661133
qd2b1771c,dd2b16ef2,0.4366946816444397
qd2b1771c,dd2b15b1a,0.43583008646965027
qd2b1771c,dd2ac3734,0.1281430423259735
qd2b1771c,dd2af0432,0.10855719447135925
qd2b1771c,dd2ac23fc,0.10092311352491379
qd2b1771c,dd2ad0b46,0.0970563143491745
qd2b1771c,dd2abea5e,0.09492091834545135
qd2ad4a7a,dd2ad4e6c,0.7909992337226868
qd2ad4a7a,dd2ad4dfe,0.7467494010925293
qd2ad4a7a,dd2ad4624,0.6588791608810425
qd2ad4a7a,dd2ad4ed0,0.4572584927082062
qd2ad4a7a,dd2ad469c,0.32604658603668213
qd2ad4a7a,dd2ad662c,0.16734139621257782
qd2ad4a7a,dd2af293a,0.0843193307518959
qd2ad4a7a,dd2ad3ecc,0.047944821417331696
qd2ad4a7a,dd2ac3734,0.04513752460479736
qd2ad4a7a,dd2ada466,0.04458518326282501
qd2af3e34,dd2af41e0,0.8452414274215698
qd2af3e34,dd2af432a,0.8235700726509094
qd2af3e34,dd2af2336,0.7070210576057434
qd2af3e34,dd2af293a,0.642634928226471
qd2af3e34,dd2af18f0,0.5170593857765198
qd2af3e34,dd2ad1262,0.3981729745864868
qd2af3e34,dd2ad12e4,0.3955082297325134
qd2af3e34,dd2af0c8e,0.2744721472263336
qd2af3e34,dd2af3272,0.22482077777385712
qd2af3e34,dd2ad0b46,0.14805980026721954
qd2ade660,dd2ade854,0.8870581388473511
qd2ade660,dd2ade412,0.36656761169433594
qd2ade660,dd2ac23fc,0.303463876247406
qd2ade660,dd2aded90,0.26544034481048584
qd2ade660,dd2af0432,0.16918644309043884
qd2ade660,dd2ade386,0.1592569202184677
qd2ade660,dd2ad469c,0.15368913114070892
qd2ade660,dd2ace5a8,0.144257590174675
qd2ade660,dd2abf4f4,0.14210115373134613
qd2ade660,dd2acf0f2,0.13863690197467804
qd2aea6a4,dd2aeaa0a,0.5717911124229431
qd2aea6a4,dd2aeab5e,0.5087155103683472
qd2aea6a4,dd2aeb658,0.08763426542282104
qd2aea6a4,dd2ae86ba,0.04569638893008232
qd2aea6a4,dd2ac8f0e,0.041172247380018234
qd2aea6a4,dd2ac3734,0.03375799581408501
qd2aea6a4,dd2ad12e4,0.032964423298835754
qd2aea6a4,dd2abff58,0.03285253420472145
qd2aea6a4,dd2ac20d2,0.032006844878196716
qd2aea6a4,dd2abdf28,0.031861934810876846
qd2adb442,dd2adb8d4,0.9438931941986084
qd2adb442,dd2adb5be,0.943394660949707
qd2adb442,dd2adc054,0.3016093075275421
qd2adb442,dd2ad9520,0.19438345730304718
qd2adb442,dd2ad8c38,0.12788142263889313
qd2adb442,dd2adae02,0.1001284047961235
qd2adb442,dd2ada3da,0.08368813991546631
qd2adb442,dd2adb2c6,0.08208470791578293
qd2adb442,dd2ada466,0.0716238021850586
qd2adb442,dd2af2336,0.07123516499996185
qd2ac09da,dd2ac0a84,0.7771142721176147
qd2ac09da,dd2ac1056,0.2663660943508148
qd2ac09da,dd2ac0dd6,0.13968978822231293
qd2ac09da,dd2ac1664,0.13476477563381195
qd2ac09da,dd2ac147a,0.13031886518001556
qd2ac09da,dd2ad6d20,0.1271643191576004
qd2ac09da,dd2ac1222,0.12619197368621826
qd2ac09da,dd2ac1a1a,0.11032750457525253
qd2ac09da,dd2af541e,0.08924024552106857
qd2ac09da,dd2ac1c4a,0.07351662218570709
qd2ae821e,dd2ae86ba,0.30800336599349976
qd2ae821e,dd2ae98d0,0.09482027590274811
qd2ae821e,dd2ac8f0e,0.04559428617358208
qd2ae821e,dd2ac55e8,0.04282224178314209
qd2ae821e,dd2ad05a6,0.035762719810009
qd2ae821e,dd2ac23fc,0.029762977734208107
qd2ae821e,dd2ad0b46,0.02792528085410595
qd2ae821e,dd2b15b1a,0.027861731126904488
qd2ae821e,dd2ac5bec,0.027735045179724693
qd2ae821e,dd2ad1262,0.02704823762178421
qd2af6b48,dd2af6f08,0.8345285654067993
qd2af6b48,dd2af679c,0.36799731850624084
qd2af6b48,dd2af5afe,0.252960741519928
qd2af6b48,dd2af541e,0.2373906821012497
qd2af6b48,dd2af18f0,0.17844022810459137
qd2af6b48,dd2af41e0,0.14932064712047577
qd2af6b48,dd2af432a,0.10372158139944077
qd2af6b48,dd2af2336,0.09572938829660416
qd2af6b48,dd2af0c8e,0.07845170050859451
qd2af6b48,dd2ad0b46,0.07439947128295898
qd2ac1ba0,dd2ac1c4a,0.9086910486221313
qd2ac1ba0,dd2ac147a,0.8773195147514343
qd2ac1ba0,dd2ac0dd6,0.7418428063392639
qd2ac1ba0,dd2ac1a1a,0.6469293236732483
qd2ac1ba0,dd2ac1222,0.5940102338790894
qd2ac1ba0,dd2ac1664,0.5232017040252686
qd2ac1ba0,dd2ac1056,0.4627892076969147
qd2ac1ba0,dd2ac0a84,0.10172341018915176
qd2ac1ba0,dd2ac62ae,0.07375644892454147
qd2ac1ba0,dd2ac07e6,0.06337226927280426
qd2b0739e,dd2b07a56,0.8978478908538818
qd2b0739e,dd2b0b110,0.2322060763835907
qd2b0739e,dd2b13658,0.19789396226406097
qd2b0739e,dd2b1453a,0.1278160810470581
qd2b0739e,dd2b137de,0.06894397735595703
qd2b0739e,dd2b08bc2,0.06240539997816086
qd2b0739e,dd2b08d20,0.04672941192984581
qd2b0739e,dd2ad12e4,0.0425349697470665
qd2b0739e,dd2aef640,0.03749928995966911
qd2b0739e,dd2acd630,0.03564167767763138
